FileName,index_type,M,efConstruction,ef,nlist,nprobe,m,nbits,reorder_k,dataCoord*segment*maxSize,queryCoord*autoHandoff,queryCoord*autoBalance,common*gracefulTime,dataNode*segment*insertBufSize,rootCoord*minSegmentSizeToEnableIndex,dataCoord*segment*sealProportion,construction_time,memory,recall,search_time,construct_dc_counts,search_dc_counts
vdb_random-100-match-kw-small-vocab-no-filters,HNSW,32,256,500,128,8,16,8,500,512,True,True,5000,16777216,1024,23,0.0,0,0.9540700000000001,0.08991934396326541,8192000,899193439
vdb_random-100-match-kw-small-vocab-no-filters,HNSW,62,402,679,7409,13,2,3,193,4516,False,True,10592,6206479395,9625,38,0.0,0,0.9966299999999999,0.2007815049495547,24924000,2007815049
vdb_random-100-match-kw-small-vocab-no-filters,FLAT,14,285,275,9768,65,16,2,395,2879,False,False,77950,9477837106,6860,32,0.0,0,0.99997,0.09845075011253357,1000000,984507501
vdb_random-100-match-kw-small-vocab-no-filters,IVF_PQ,18,241,143,9662,66,1,2,119,6037,True,False,56388,2198946297,7569,9,0.0,0,0.05076,0.02460714452899992,12753840,246071445
vdb_random-100-match-kw-small-vocab-no-filters,FLAT,29,350,168,9347,99,128,3,139,4694,True,True,36496,2380096829,6243,77,0.0,0,0.99997,0.10033159586600959,1000000,1003315958
vdb_random-100-match-kw-small-vocab-no-filters,IVF_SQ8,9,207,271,5233,63,2,3,685,2316,False,False,73895,2886091585,7376,66,0.0,0,0.97557,0.0476830482948571,6593580,476830482
vdb_random-100-match-kw-small-vocab-no-filters,IVF_FLAT,7,176,352,6398,12,128,5,470,9780,True,True,73298,449158833,9106,21,0.0,0,0.9093900000000001,0.05724870809353888,1535520,572487080
vdb_random-100-match-kw-small-vocab-no-filters,IVF_FLAT,54,384,893,5636,19,128,9,585,294,True,True,69101,9522629378,606,9,0.0,0,0.96305,0.06726224422454832,2141680,672622442
vdb_random-100-match-kw-small-vocab-no-filters,HNSW,34,304,503,9180,55,128,7,499,9462,False,False,3135,6135339951,1082,36,0.0,0,0.9631700000000001,0.09345993921160695,10336000,934599392
vdb_random-100-match-kw-small-vocab-no-filters,IVF_FLAT,39,508,549,4381,53,128,1,824,6414,False,True,796,4246603973,1243,95,0.0,0,0.9979600000000001,0.07824436016380787,4643860,782443601
vdb_random-100-match-kw-small-vocab-no-filters,IVF_SQ8,51,245,182,5686,46,4,6,835,1190,False,True,36421,5203585989,2645,76,0.0,0,0.9755,0.047210010746493926,5231120,472100107
vdb_random-100-match-kw-small-vocab-no-filters,AUTOINDEX,14,311,709,4430,51,128,6,145,1305,False,False,71161,9316127986,1464,80,0.0,0,0.24720999999999999,0.017592123430222272,1000000,175921234
vdb_random-100-match-kw-small-vocab-no-filters,IVF_PQ,20,207,574,9372,18,1,10,995,9736,False,True,38732,1820477967,2737,21,0.0,0,0.014480000000000002,0.028213700233027314,3373920,282137002
vdb_random-100-match-kw-small-vocab-no-filters,FLAT,47,170,527,3648,3,1,8,782,6270,False,True,61956,2387710247,1502,40,0.0,0,0.99997,0.09993590624071658,1000000,999359062
vdb_random-100-match-kw-small-vocab-no-filters,IVF_PQ,17,222,212,7836,36,8,9,946,5734,False,False,26879,3242904647,4732,46,0.0,0,0.10291999999999998,0.045642981305718415,5641920,456429813
vdb_random-100-match-kw-small-vocab-no-filters,AUTOINDEX,25,51,199,5745,20,16,3,812,6401,False,True,88561,2792944941,7817,87,0.0,0,0.2485,0.020060812821611748,1000000,200608128
vdb_random-100-match-kw-small-vocab-no-filters,IVF_PQ,21,16,176,6341,8,8,10,294,6249,False,True,22309,8832329368,7404,41,0.0,0,0.10505,0.02200825689360499,1014560,220082568
vdb_random-100-match-kw-small-vocab-no-filters,AUTOINDEX,64,140,533,7377,81,4,4,207,1725,False,True,20152,5664220479,6844,6,0.0,0,0.24944000000000002,0.022511142026633024,1000000,225111420
vdb_random-100-match-kw-small-vocab-no-filters,IVF_SQ8,21,150,472,6604,74,1,1,746,6696,True,True,94559,5257003339,4499,37,0.0,0,0.9748700000000001,0.049352808156982036,9773920,493528081
vdb_random-100-match-kw-small-vocab-no-filters,HNSW,48,453,184,7883,47,4,5,575,3357,False,False,96695,5300186763,9384,81,0.0,0,0.9195200000000001,0.07702675447799262,21744000,770267544
vdb_random-100-match-kw-small-vocab-no-filters,IVF_PQ,20,191,999,9922,52,2,5,317,7960,True,True,75640,6831246849,4122,86,0.0,0,0.05003,0.02806391757912932,10318880,280639175
vdb_random-100-match-kw-small-vocab-no-filters,IVF_FLAT,43,76,579,8578,60,4,4,691,909,False,True,22578,3182888987,8425,52,0.0,0,0.99997,0.09311530203558502,10293600,931153020
vdb_random-100-match-kw-small-vocab-no-filters,AUTOINDEX,18,511,103,2911,55,128,10,158,440,True,False,18845,7601290129,9983,72,0.0,0,0.25049,0.021549390302971,1000000,215493903
vdb_random-100-match-kw-small-vocab-no-filters,SCANN,18,196,204,2175,79,32,3,101,729,True,False,77923,7785406043,7870,11,0.0,0,0.9567200000000001,0.0044015439227223395,1010,44015439
vdb_random-100-match-kw-small-vocab-no-filters,AUTOINDEX,54,337,358,6456,49,2,7,490,314,False,False,63672,4524901152,1178,57,0.0,0,0.24781000000000003,0.019576421566307536,1000000,195764215
vdb_random-100-match-kw-small-vocab-no-filters,HNSW,42,471,870,2268,18,4,4,647,7140,False,False,18765,1978126123,3955,22,0.0,0,0.99384,0.20214537787251174,19782000,2021453778
vdb_random-100-match-kw-small-vocab-no-filters,FLAT,23,118,193,6495,59,1,2,110,4650,False,False,82345,5660894450,4070,37,0.0,0,0.99997,0.09940248113125563,1000000,994024811
vdb_random-100-match-kw-small-vocab-no-filters,AUTOINDEX,57,307,174,5072,19,32,2,935,5783,True,False,19022,2021331566,8476,56,0.0,0,0.24668,0.02010389938950538,1000000,201038993
vdb_random-100-match-kw-small-vocab-no-filters,AUTOINDEX,54,447,399,4637,76,2,8,612,6022,False,False,75284,6746728004,7387,71,0.0,0,0.24975,0.020971070043742657,1000000,209710700
vdb_random-100-match-kw-small-vocab-no-filters,SCANN,18,356,362,4627,26,1,2,954,8246,False,False,3302,5162314127,7131,90,0.0,0,0.99918,0.005775612825527787,9540,57756128
vdb_random-100-match-kw-small-vocab-no-filters,SCANN,28,256,754,1509,97,4,9,641,8812,False,False,20614,3632625571,7978,86,0.0,0,0.9980900000000001,0.005146515090018511,6410,51465150
vdb_random-100-match-kw-small-vocab-no-filters,HNSW,39,455,364,5806,43,4,8,711,3360,True,False,17348,3527821726,9032,38,0.0,0,0.9576399999999999,0.10678972848691046,17745000,1067897284
vdb_random-100-match-kw-small-vocab-no-filters,IVF_PQ,35,44,210,2262,60,16,8,618,6776,False,True,34384,3688845164,6076,94,0.0,0,0.10004999999999999,0.024999418901279567,2714400,249994189
vdb_random-100-match-kw-small-vocab-no-filters,HNSW,23,235,263,2003,50,64,7,155,4132,True,True,21782,4139670730,8174,90,0.0,0,0.8280799999999999,0.05539381811395286,5405000,553938181
vdb_random-100-match-kw-small-vocab-no-filters,FLAT,35,37,250,5127,80,8,10,766,5013,True,True,32964,4850664016,2144,91,0.0,0,0.99997,0.09940792545676232,1000000,994079254
vdb_random-100-match-kw-small-vocab-no-filters,IVF_PQ,37,441,874,4084,6,1,3,980,6083,False,True,74139,6909451797,1244,55,0.0,0,0.051629999999999995,0.012220127321779722,490080,122201273
vdb_random-100-match-kw-small-vocab-no-filters,SCANN,54,367,141,9485,62,4,3,409,9549,True,True,24337,8347735222,1790,18,0.0,0,0.99487,0.0050105215050280085,4090,50105215
vdb_random-100-match-kw-small-vocab-no-filters,SCANN,32,483,667,2121,12,8,9,379,613,True,False,78813,7866307235,1919,54,0.0,0,0.9940900000000001,0.004514711769297719,3790,45147117
vdb_random-100-match-kw-small-vocab-no-filters,AUTOINDEX,55,291,606,6729,77,16,3,899,9396,False,True,53136,7637888601,766,88,0.0,0,0.24702000000000002,0.021046742424368853,1000000,210467424
vdb_random-100-match-kw-small-vocab-no-filters,SCANN,4,372,152,5673,80,32,10,637,373,False,True,77811,6826896345,3330,72,0.0,0,0.9980400000000001,0.005263471137732267,6370,52634711
vdb_random-100-match-kw-small-vocab-no-filters,IVF_SQ8,39,72,288,9086,65,64,6,956,8830,True,False,91898,9889183476,3841,1,0.0,0,0.9750100000000003,0.05263474569655954,11811800,526347456
vdb_random-100-match-kw-small-vocab-no-filters,IVF_SQ8,47,69,838,4657,61,16,6,994,3041,False,False,66937,3222690749,1131,97,0.0,0,0.97464,0.04450202384032308,5681540,445020238
vdb_random-100-match-kw-small-vocab-no-filters,FLAT,57,238,615,9784,45,32,5,110,4737,True,False,16511,813157835,5383,13,0.0,0,0.99997,0.09853081740438938,1000000,985308174
vdb_random-100-match-kw-small-vocab-no-filters,HNSW,43,252,180,8460,53,16,10,871,1642,False,False,98917,7961368694,6448,94,0.0,0,0.89007,0.07484501097351312,10836000,748450109
vdb_random-100-match-kw-small-vocab-no-filters,IVF_SQ8,46,341,134,7568,3,16,9,186,4736,False,True,12824,3243691772,5219,85,0.0,0,0.62691,0.02039797585457563,454080,203979758
vdb_random-100-match-kw-small-vocab-no-filters,HNSW,18,320,364,1104,28,16,3,492,3037,True,True,3309,3203723718,815,23,0.0,0,0.83425,0.059179604146629546,5760000,591796041
vdb_random-100-match-kw-small-vocab-no-filters,IVF_PQ,63,355,686,8195,89,8,2,417,7302,True,False,49767,8146628733,5645,59,0.0,0,0.045489999999999996,0.03811998781748115,14587100,381199878
vdb_random-100-match-kw-small-vocab-no-filters,FLAT,61,511,794,5708,28,4,10,867,4600,True,True,77931,3010678411,838,5,0.0,0,0.99997,0.09834055798128247,1000000,983405579
vdb_random-100-match-kw-small-vocab-no-filters,SCANN,26,146,251,4962,74,64,5,119,5214,True,False,88716,7115913369,5088,56,0.0,0,0.9646900000000002,0.004550821799784899,1190,45508217
vdb_random-100-match-kw-small-vocab-no-filters,HNSW,31,374,180,1157,36,8,8,999,9085,False,True,22238,1897904665,7375,90,0.0,0,0.8469,0.06350142285227775,11594000,635014228
vdb_random-100-match-kw-small-vocab-no-filters,AUTOINDEX,56,227,812,2702,70,4,2,140,4964,True,False,59261,2414145856,9485,23,0.0,0,0.24966,0.01920517645776271,1000000,192051764
vdb_random-100-match-kw-small-vocab-no-filters,IVF_FLAT,26,26,105,5,53,128,7,190,5951,True,False,7989,8821221678,825,52,0.0,0,0.60173,0.0335959805175662,5300,335959805
vdb_random-100-match-kw-small-vocab-no-filters,SCANN,44,436,973,7304,84,32,2,500,4264,True,False,90418,6070816791,2631,6,0.0,0,0.9966200000000001,0.00497074406594038,5000,49707440
vdb_random-100-match-kw-small-vocab-no-filters,IVF_SQ8,22,167,652,3989,82,64,7,381,5564,False,True,32939,8480987212,8142,58,0.0,0,0.9749600000000003,0.043565638596191995,6541960,435656385
vdb_random-100-match-kw-small-vocab-no-filters,IVF_PQ,19,160,858,6091,81,128,2,875,7944,True,False,92899,5958759646,3886,41,0.0,0,0.0003600000000000001,0.11350052491761742,9867420,1135005249
vdb_random-100-match-kw-small-vocab-no-filters,IVF_SQ8,18,454,283,8010,50,2,5,497,1611,True,True,93490,3898586897,2848,50,0.0,0,0.9756900000000002,0.05248989406973123,8010000,524898940
vdb_random-100-match-kw-small-vocab-no-filters,AUTOINDEX,45,16,464,916,82,1,6,856,3378,True,False,64740,3330950186,1444,59,0.0,0,0.24736000000000002,0.02092970814555883,1000000,209297081
vdb_random-100-match-kw-small-vocab-no-filters,IVF_PQ,63,270,977,3250,23,2,9,232,7674,False,False,55804,9740301298,2744,44,0.0,0,0.007730000000000001,0.020118492748588315,1495000,201184927
vdb_random-100-match-kw-small-vocab-no-filters,IVF_SQ8,36,179,126,7759,95,2,1,480,946,True,False,45448,3358543612,186,2,0.0,0,0.97526,0.05132665634155272,14742100,513266563
vdb_random-100-match-kw-small-vocab-no-filters,FLAT,12,116,506,2858,90,64,7,560,1963,False,False,39618,9304256032,2032,55,0.0,0,0.99997,0.09736738633364439,1000000,973673863
vdb_random-100-match-kw-small-vocab-no-filters,FLAT,19,427,323,7662,63,32,6,380,7143,True,True,43193,5127079034,9469,72,0.0,0,0.99997,0.09856603522785008,1000000,985660352
vdb_random-100-match-kw-small-vocab-no-filters,IVF_FLAT,53,471,241,6372,72,8,8,960,5557,False,True,57148,8008918007,9982,21,0.0,0,0.99997,0.08654632726684208,9175680,865463272
vdb_random-100-match-kw-small-vocab-no-filters,IVF_PQ,34,10,492,3760,81,2,6,512,8470,False,True,44006,9365591491,201,33,0.0,0,0.024730000000000002,0.029608787083998257,6091200,296087870
vdb_random-100-match-kw-small-vocab-no-filters,SCANN,49,121,428,5850,9,32,6,171,4620,False,True,38161,316104015,8950,16,0.0,0,0.9780800000000001,0.004243843257427215,1710,42438432
vdb_random-100-match-kw-small-vocab-no-filters,IVF_PQ,62,369,674,2929,53,2,8,135,9457,False,True,84987,6826160408,6112,94,0.0,0,0.00683,0.02224758584052324,3104740,222475858
vdb_random-100-match-kw-small-vocab-no-filters,HNSW,37,349,976,5323,49,64,6,144,7059,True,False,79672,915779858,566,85,0.0,0,0.9909100000000001,0.1586870366241783,12913000,1586870366
vdb_random-100-match-kw-small-vocab-no-filters,FLAT,53,178,470,3776,60,64,4,994,5022,True,True,32487,3267013281,8479,24,0.0,0,0.99997,0.0997190455906093,1000000,997190455
vdb_random-100-match-kw-small-vocab-no-filters,HNSW,20,168,723,1551,87,4,1,266,9482,False,False,4276,9644005423,1908,3,0.0,0,0.9170900000000002,0.07636334295384581,3360000,763633429
vdb_random-100-match-kw-small-vocab-no-filters,IVF_FLAT,20,33,776,3948,58,32,8,404,7033,False,False,70414,6009917510,1779,3,0.0,0,0.99582,0.07739416221156716,4579680,773941622
vdb_random-100-match-kw-small-vocab-no-filters,AUTOINDEX,61,353,137,7138,16,4,2,938,6474,False,True,43602,2131275055,1512,56,0.0,0,0.24888999999999997,0.022234555287286635,1000000,222345552
vdb_random-100-match-kw-small-vocab-no-filters,HNSW,54,237,688,5572,99,1,4,294,9110,False,True,20388,2740372401,2098,48,0.0,0,0.9922200000000001,0.1475181192625314,12798000,1475181192
vdb_random-100-match-kw-small-vocab-no-filters,IVF_PQ,57,248,102,7442,47,128,4,345,7421,False,False,25521,3482801626,120,21,0.0,0,0.32545999999999997,0.14184307497926052,6995480,1418430749
vdb_random-100-match-kw-small-vocab-no-filters,IVF_FLAT,55,115,157,1795,11,8,9,977,8689,False,False,15210,798504493,6300,5,0.0,0,0.6358699999999999,0.024238763703033326,394900,242387637
vdb_random-100-match-kw-small-vocab-no-filters,HNSW,61,465,648,9361,32,2,9,788,7429,False,True,35828,2962295006,8460,71,0.0,0,0.9968299999999999,0.19540658127516505,28365000,1954065812
vdb_random-100-match-kw-small-vocab-no-filters,AUTOINDEX,63,510,143,5352,10,8,7,873,6056,True,True,84173,7252960801,4290,33,0.0,0,0.24986,0.022735911095514892,1000000,227359110
vdb_random-100-match-kw-small-vocab-no-filters,AUTOINDEX,12,401,499,1472,53,4,1,807,3170,True,True,61587,8860582042,8821,82,0.0,0,0.25088999999999995,0.01841870401985943,1000000,184187040
vdb_random-100-match-kw-small-vocab-no-filters,IVF_PQ,51,176,286,5449,45,32,8,126,1881,False,False,56960,3880017664,1674,39,0.0,0,0.15267000000000003,0.04102928843349216,4904100,410292884
vdb_random-100-match-kw-small-vocab-no-filters,IVF_PQ,25,143,415,1181,71,8,6,602,7982,True,True,57216,314015295,3607,34,0.0,0,0.08922999999999999,0.00813743034377694,1677020,81374303
vdb_random-100-match-kw-small-vocab-no-filters,IVF_SQ8,56,52,744,4782,59,128,10,172,9529,False,False,48617,3560033330,9419,21,0.0,0,0.9750400000000001,0.046986251557245846,5642760,469862515
vdb_random-100-match-kw-small-vocab-no-filters,HNSW,61,408,564,1343,41,128,2,973,7193,False,True,73678,4206414855,5034,57,0.0,0,0.9944,0.17302197469398378,24888000,1730219746
vdb_random-100-match-kw-small-vocab-no-filters,IVF_PQ,44,11,207,5979,79,8,2,286,8094,True,True,49407,4748074692,232,84,0.0,0,0.05657,0.03677413966506718,9446820,367741396
vdb_random-100-match-kw-small-vocab-no-filters,FLAT,21,428,757,4947,100,16,3,601,8206,False,True,23991,7750139516,327,6,0.0,0,0.99997,0.0987229473888874,1000000,987229473
vdb_random-100-match-kw-small-vocab-no-filters,IVF_PQ,39,67,213,2067,55,8,6,434,6061,True,True,74186,900117578,4969,92,0.0,0,0.09061999999999999,0.027583415061235423,2273700,275834150
vdb_random-100-match-kw-small-vocab-no-filters,SCANN,48,482,819,5277,23,128,1,771,8323,False,False,74376,6670703270,4995,17,0.0,0,0.9986,0.0052633482497185455,7710,52633482
vdb_random-100-match-kw-small-vocab-no-filters,IVF_SQ8,51,314,417,8630,63,64,8,244,1908,True,True,13598,7464797217,5052,95,0.0,0,0.9758300000000001,0.05173013405874371,10873800,517301340
vdb_random-100-match-kw-small-vocab-no-filters,IVF_SQ8,37,351,684,6113,97,4,7,407,9919,True,True,6221,6566156967,2117,22,0.0,0,0.9754200000000001,0.04984118905849752,11859220,498411890
vdb_random-100-match-kw-small-vocab-no-filters,IVF_PQ,47,313,293,1908,11,1,4,706,4483,True,True,95243,6440263346,1191,26,0.0,0,0.048889999999999996,0.002603351231664419,419760,26033512
vdb_random-100-match-kw-small-vocab-no-filters,HNSW,24,192,235,6193,68,8,3,446,2522,True,True,55759,2127708567,7841,92,0.0,0,0.8175600000000001,0.05617098896764219,4608000,561709889
vdb_random-100-match-kw-small-vocab-no-filters,SCANN,39,329,131,1131,79,64,1,158,3077,True,True,26371,7383886345,8397,19,0.0,0,0.97572,0.004278309876099229,1580,42783098
vdb_random-100-match-kw-small-vocab-no-filters,IVF_PQ,48,345,628,1340,15,64,5,666,1136,True,True,98365,9205453513,3985,87,0.0,0,0.16971000000000003,0.023485876433551305,402000,234858764
vdb_random-100-match-kw-small-vocab-no-filters,IVF_FLAT,23,283,376,6400,84,2,4,584,7727,False,False,53030,7499211585,1846,41,0.0,0,0.99997,0.090641221543774,10752000,906412215
vdb_random-100-match-kw-small-vocab-no-filters,FLAT,54,192,625,2710,60,32,2,913,6742,False,True,39730,2310913855,4144,19,0.0,0,0.99997,0.0987094534561038,1000000,987094534
vdb_random-100-match-kw-small-vocab-no-filters,IVF_PQ,23,40,222,8543,18,64,8,294,8633,False,True,14798,9355288102,8532,52,0.0,0,0.33646000000000004,0.0568718391936272,3075480,568718391
vdb_random-100-match-kw-small-vocab-no-filters,IVF_SQ8,20,294,803,1010,31,2,5,307,3012,True,True,81437,8867001020,4753,73,0.0,0,0.81901,0.0091005886439234,626200,91005886
vdb_random-100-match-kw-small-vocab-no-filters,IVF_PQ,9,22,546,3791,18,32,6,743,1407,True,False,2473,3966590892,2416,51,0.0,0,0.12709,0.04263144675642252,1364760,426314467
vdb_random-100-match-kw-small-vocab-no-filters,IVF_SQ8,13,374,249,1298,86,16,3,769,2266,False,False,19598,8958624579,922,88,0.0,0,0.9756599999999999,0.025374407693743703,2232560,253744076
vdb_random-100-match-kw-small-vocab-no-filters,IVF_FLAT,7,24,647,6826,64,16,3,207,9247,True,True,79657,8095568125,2890,59,0.0,0,0.99997,0.08822845402173692,8737280,882284540
vdb_random-100-match-kw-small-vocab-no-filters,IVF_SQ8,57,309,785,5183,58,64,9,544,1713,False,True,93935,3363017755,6512,73,0.0,0,0.9747299999999999,0.046759135555475936,6012280,467591355
vdb_random-100-match-kw-small-vocab-no-filters,IVF_PQ,21,111,151,1967,55,128,8,447,2517,False,True,53872,7591834217,7975,74,0.0,0,0.75432,0.0385807057376951,2163700,385807057
vdb_random-100-match-kw-small-vocab-no-filters,IVF_SQ8,41,257,658,7026,37,8,7,724,1950,True,True,92981,4933557489,7609,87,0.0,0,0.9748100000000001,0.05051215714775025,5199240,505121571
vdb_random-100-match-kw-small-vocab-no-filters,HNSW,15,130,179,5656,95,128,9,659,7332,False,False,87682,9080577160,417,45,0.0,0,0.63151,0.004242371767759322,1950000,42423717
vdb_random-100-match-kw-small-vocab-no-filters,IVF_SQ8,42,44,713,7084,92,4,9,933,5509,True,True,37329,9891556277,6929,12,0.0,0,0.97555,0.04936687997542321,13034560,493668799
vdb_random-100-match-kw-small-vocab-no-filters,IVF_SQ8,13,158,577,3408,97,1,3,958,8673,True,True,97810,5285898987,7881,29,0.0,0,0.9746299999999999,0.042517978185787786,6611520,425179781
vdb_random-100-match-kw-small-vocab-no-filters,SCANN,53,262,985,4324,35,8,2,996,6601,False,True,79906,2634246480,2656,89,0.0,0,0.9992300000000001,0.005634727049618959,9960,56347270
vdb_random-100-match-kw-small-vocab-no-filters,IVF_FLAT,23,101,995,7404,27,4,3,655,1879,False,True,95993,2476972478,7694,55,0.0,0,0.9983200000000001,0.08838227503001689,3998160,883822750
vdb_random-100-match-kw-small-vocab-no-filters,HNSW,13,14,362,7592,64,2,4,412,6223,False,True,60527,5037820113,2983,52,0.0,0,0.28426,0.004001616453751922,182000,40016164
vdb_random-100-match-kw-small-vocab-no-filters,IVF_FLAT,39,73,203,9938,12,8,3,215,4930,False,False,8603,3823690455,6709,31,0.0,0,0.9745299999999999,0.07943878127261995,2385120,794387812
vdb_random-100-match-kw-small-vocab-no-filters,IVF_SQ8,55,185,867,5230,66,1,3,256,8417,True,True,18618,8052743988,7999,74,0.0,0,0.97475,0.04841352901421487,6903600,484135290
vdb_random-100-match-kw-small-vocab-no-filters,AUTOINDEX,23,484,906,4149,94,2,5,194,1573,True,False,75069,5217426408,1015,32,0.0,0,0.25066,0.022043321095406996,1000000,220433210
vdb_random-100-match-kw-small-vocab-no-filters,IVF_PQ,36,224,846,9503,8,128,3,236,3861,False,True,32242,5024786253,9991,26,0.0,0,0.21501000000000003,0.10732980193570252,1520480,1073298019
vdb_random-100-match-kw-small-vocab-no-filters,HNSW,21,428,938,9833,16,16,1,295,9118,False,False,51044,6056078705,426,91,0.0,0,0.95232,0.1049799235537648,8988000,1049799235
vdb_random-100-match-kw-small-vocab-no-filters,FLAT,8,393,391,1081,86,1,1,715,9166,True,False,99616,9000429988,1582,53,0.0,0,0.99997,0.09901185953058303,1000000,990118595
vdb_random-100-match-kw-small-vocab-no-filters,IVF_PQ,33,423,578,9488,5,32,3,889,1736,True,False,80752,7828826379,9221,51,0.0,0,0.10179999999999999,0.03847135952673851,948800,384713595
vdb_random-100-match-kw-small-vocab-no-filters,HNSW,22,335,958,5061,34,4,1,276,4646,False,False,44884,5876394217,2533,72,0.0,0,0.9560900000000001,0.11623757993802428,7370000,1162375799
vdb_random-100-match-kw-small-vocab-no-filters,HNSW,18,467,521,7141,14,64,3,839,9904,False,True,72441,1482613042,5793,50,0.0,0,0.88556,0.07500726743601259,8406000,750072674
vdb_random-100-match-kw-small-vocab-no-filters,IVF_FLAT,63,218,634,7192,79,32,6,414,8114,True,True,70921,65464044,4493,51,0.0,0,0.99997,0.08648190270178016,11363360,864819027
vdb_random-100-match-kw-small-vocab-no-filters,IVF_FLAT,54,73,838,7032,63,1,2,454,5390,True,False,30710,6073180331,4644,68,0.0,0,0.99997,0.0868190157227218,8860320,868190157
vdb_random-100-match-kw-small-vocab-no-filters,AUTOINDEX,8,372,893,6829,61,64,9,888,6562,True,False,86777,8901436755,4138,72,0.0,0,0.25159000000000004,0.01908954302780329,1000000,190895430
vdb_random-100-match-kw-small-vocab-no-filters,IVF_FLAT,20,34,826,5234,72,1,7,369,1984,True,True,61024,962460161,5631,89,0.0,0,0.99997,0.08287850902415811,7536960,828785090
vdb_random-100-match-kw-small-vocab-no-filters,SCANN,52,380,897,2238,98,8,8,170,2847,False,False,48834,1165680179,8465,32,0.0,0,0.97867,0.004801190458238124,1700,48011904
vdb_random-100-match-kw-small-vocab-no-filters,IVF_FLAT,11,169,694,9544,35,128,3,540,8519,True,False,18013,1641561660,8679,55,0.0,0,0.99997,0.09496323517523704,6680800,949632351
vdb_random-100-match-kw-small-vocab-no-filters,SCANN,52,392,454,8772,78,64,2,582,3435,True,False,85266,4850020384,1135,28,0.0,0,0.99785,0.005198216112330555,5820,51982161
vdb_random-100-match-kw-small-vocab-no-filters,SCANN,34,355,653,2158,67,16,9,702,6998,True,True,34407,4686165182,1861,56,0.0,0,0.9983299999999999,0.005084826005622743,7020,50848260
vdb_random-100-match-kw-small-vocab-no-filters,SCANN,48,172,815,2286,74,128,5,232,591,False,False,48870,8308543123,8883,86,0.0,0,0.9867,0.0047224005684256545,2320,47224005
vdb_random-100-match-kw-small-vocab-no-filters,SCANN,28,136,233,382,8,64,1,902,3890,False,True,62984,8777398364,3987,73,0.0,0,0.56779,0.0032136547844856967,9020,32136547
vdb_random-100-match-kw-small-vocab-no-filters,FLAT,24,204,754,8063,29,1,1,837,829,True,False,24765,583631566,1442,51,0.0,0,0.99997,0.098838458256796,1000000,988384582
vdb_random-100-match-kw-small-vocab-no-filters,IVF_SQ8,13,247,272,9885,37,1,8,770,2696,True,True,21365,56416678,9946,41,0.0,0,0.97475,0.053538293065503235,7314900,535382930
vdb_random-100-match-kw-small-vocab-no-filters,IVF_SQ8,32,448,276,4381,9,16,9,981,1174,False,True,26675,8101367170,9800,53,0.0,0,0.76358,0.025780998915433864,788580,257809989
vdb_random-100-match-kw-small-vocab-no-filters,FLAT,56,240,737,9993,81,32,2,366,3348,True,False,19010,9196734989,658,6,0.0,0,0.99997,0.09711317848414182,1000000,971131784
vdb_random-100-match-kw-small-vocab-no-filters,SCANN,28,437,793,3674,84,8,1,801,9719,True,False,3157,2170740914,454,15,0.0,0,0.9989000000000002,0.0053813142701983445,8010,53813142
vdb_random-100-match-kw-small-vocab-no-filters,AUTOINDEX,13,165,312,4174,17,8,4,413,427,False,True,97984,4284969008,7505,89,0.0,0,0.24991,0.01937570311129092,1000000,193757031
vdb_random-100-match-kw-small-vocab-no-filters,SCANN,48,141,362,1682,70,32,5,713,4800,True,True,75946,4355893385,410,86,0.0,0,0.9983299999999999,0.005161977326497436,7130,51619773
vdb_random-100-match-kw-small-vocab-no-filters,IVF_FLAT,13,144,468,5927,33,4,7,517,3077,True,False,42977,8859935622,8481,23,0.0,0,0.99855,0.08185445209965109,3911820,818544520
vdb_random-100-match-kw-small-vocab-no-filters,IVF_PQ,53,317,194,4438,25,2,10,317,5669,False,True,83351,6373839098,601,92,0.0,0,0.0109,0.022630164120346286,2219000,226301641
vdb_random-100-match-kw-small-vocab-no-filters,FLAT,38,75,471,6321,74,8,6,720,1017,True,False,28682,5031915465,9950,22,0.0,0,0.99997,0.09853848796337843,1000000,985384879
vdb_random-100-match-kw-small-vocab-no-filters,IVF_PQ,55,388,951,6213,60,1,1,942,2970,False,True,42145,369291078,5284,12,0.0,0,0.05705,0.027487137215211982,7455600,274871372
vdb_random-100-match-kw-small-vocab-no-filters,HNSW,35,499,981,965,6,8,6,629,158,True,False,80149,9694758813,6392,22,0.0,0,0.9904600000000002,0.19157507871277626,17465000,1915750787
vdb_random-100-match-kw-small-vocab-no-filters,IVF_SQ8,37,193,147,8005,50,4,5,715,1462,False,True,65536,9153748482,4215,9,0.0,0,0.9754400000000002,0.05358149278908965,8005000,535814927
vdb_random-100-match-kw-small-vocab-no-filters,IVF_SQ8,40,357,507,3773,45,32,1,762,9085,False,True,40336,7429296321,8007,86,0.0,0,0.9700900000000001,0.04270123587921261,3395700,427012358
vdb_random-100-match-kw-small-vocab-no-filters,IVF_PQ,10,309,114,4988,68,2,4,588,4320,False,True,87565,7532171727,4434,65,0.0,0,0.05942000000000001,0.025682525243610137,6783680,256825252
vdb_random-100-match-kw-small-vocab-no-filters,SCANN,29,457,230,6858,59,32,1,280,8912,False,True,920,6788372509,6957,51,0.0,0,0.9894299999999999,0.004752961872145533,2800,47529618
vdb_random-100-match-kw-small-vocab-no-filters,IVF_PQ,20,227,555,7272,52,8,5,873,2156,True,False,69894,1851798919,3151,78,0.0,0,0.08189,0.04079189617186784,7562880,407918961
vdb_random-100-match-kw-small-vocab-no-filters,HNSW,27,77,270,9241,92,32,6,196,5345,False,False,877,2190339529,3855,91,0.0,0,0.8086300000000001,0.03271528310142457,2079000,327152831
vdb_random-100-match-kw-small-vocab-no-filters,AUTOINDEX,54,288,976,7561,48,4,2,425,4414,True,False,74155,2630220386,3454,47,0.0,0,0.24946,0.020497809583321206,1000000,204978095
vdb_random-100-match-kw-small-vocab-no-filters,IVF_FLAT,29,418,643,3829,58,32,8,195,5935,True,True,26505,7062936276,6288,44,0.0,0,0.99324,0.07447068598121404,4441640,744706859
vdb_random-100-match-kw-small-vocab-no-filters,IVF_SQ8,36,19,932,9844,32,16,5,828,1425,False,True,38408,9823430235,6685,92,0.0,0,0.9748700000000001,0.05208248128183185,6300160,520824812
vdb_random-100-match-kw-small-vocab-no-filters,SCANN,25,324,752,1060,34,64,8,256,7988,False,False,62495,6109558609,1918,48,0.0,0,0.98903,0.004564132122322916,2560,45641321
vdb_random-100-match-kw-small-vocab-no-filters,IVF_PQ,31,71,663,3515,9,1,4,546,3580,False,False,45441,8915605681,7057,39,0.0,0,0.042210000000000004,0.007311691856011748,632700,73116918
vdb_random-100-match-kw-small-vocab-no-filters,IVF_PQ,10,113,436,6443,93,8,5,563,6441,False,False,32148,4637572967,4432,77,0.0,0,0.0768,0.042403438268229336,11983980,424034382
vdb_random-100-match-kw-small-vocab-no-filters,HNSW,48,19,742,7889,33,128,9,505,2334,True,True,87509,3299907961,2436,21,0.0,0,0.9002600000000001,0.03280210401862859,912000,328021040
vdb_random-100-match-kw-small-vocab-no-filters,FLAT,60,193,295,2514,2,8,4,689,4829,False,False,90536,1129036235,2203,4,0.0,0,0.99997,0.09778975434601307,1000000,977897543
vdb_random-100-match-kw-small-vocab-no-filters,IVF_PQ,52,431,139,6011,20,1,1,924,6616,False,False,36502,9933335760,7451,2,0.0,0,0.05326,0.0163295897655189,2404400,163295897
vdb_random-100-match-kw-small-vocab-no-filters,IVF_SQ8,59,419,527,2814,72,4,6,780,8103,False,True,57613,2088318130,6394,58,0.0,0,0.9745300000000001,0.038728771498426795,4052160,387287714
vdb_random-100-match-kw-small-vocab-no-filters,IVF_SQ8,55,261,393,5663,49,32,2,627,3971,True,True,66912,4270134221,5110,82,0.0,0,0.9752400000000001,0.04815242458134888,5549740,481524245
vdb_random-100-match-kw-small-vocab-no-filters,IVF_PQ,58,132,902,8042,70,2,8,634,8959,True,False,18874,180606220,389,37,0.0,0,0.00674,0.02912538619711993,11258800,291253861
vdb_random-100-match-kw-small-vocab-no-filters,HNSW,29,329,738,8816,71,1,8,283,6188,False,True,27657,2000767516,9759,83,0.0,0,0.9687399999999999,0.11991486651822923,9541000,1199148665
vdb_random-100-match-kw-small-vocab-no-filters,HNSW,47,188,566,8728,77,128,5,158,1398,True,False,56645,7285823606,4877,39,0.0,0,0.9795600000000002,0.11919658109545707,8836000,1191965810
vdb_random-100-match-kw-small-vocab-no-filters,IVF_SQ8,29,159,893,1002,55,1,4,997,7830,True,True,23602,7121955944,6005,60,0.0,0,0.9439200000000001,0.01888430807739496,1102200,188843080
vdb_random-100-match-kw-small-vocab-no-filters,HNSW,6,113,578,7706,86,16,3,599,9899,True,True,56179,6360592999,5880,89,0.0,0,0.28888,0.003560486529022455,678000,35604865
vdb_random-100-match-kw-small-vocab-no-filters,FLAT,16,312,167,9871,95,64,3,818,1968,True,True,45939,6227928494,9405,20,0.0,0,0.99997,0.09883482223376631,1000000,988348222
vdb_random-100-match-kw-small-vocab-no-filters,AUTOINDEX,37,62,605,4904,14,128,5,771,899,False,False,54679,1595408562,3990,75,0.0,0,0.25215,0.021727148396894325,1000000,217271483
vdb_random-100-match-kw-small-vocab-no-filters,SCANN,61,203,857,9191,71,1,6,524,3056,False,False,36276,7466599790,4626,37,0.0,0,0.99085,0.006112000206485388,5240,61120002
vdb_random-100-match-kw-small-vocab-no-filters,IVF_PQ,45,136,529,5433,73,2,6,379,4120,True,False,82957,9746010337,1196,52,0.0,0,0.03573,0.031047200458124275,7932180,310472004
vdb_random-100-match-kw-small-vocab-no-filters,IVF_SQ8,36,32,624,4273,48,128,9,572,510,True,False,82846,3866077055,7414,28,0.0,0,0.9743700000000001,0.043840306717902414,4102080,438403067
vdb_random-100-match-kw-small-vocab-no-filters,IVF_PQ,35,480,999,1884,58,1,10,391,1126,False,False,80337,625912880,7806,3,0.0,0,0.01169,0.01996210496872663,2185440,199621049
vdb_random-100-match-kw-small-vocab-no-filters,AUTOINDEX,46,107,843,3422,88,4,7,700,5341,False,True,76242,6126832140,7173,59,0.0,0,0.25135,0.019569906219840047,1000000,195699062
vdb_random-100-match-kw-small-vocab-no-filters,SCANN,39,507,764,6836,26,1,4,966,2725,False,True,34666,2720736996,1043,93,0.0,0,0.9991200000000001,0.0054302456788718695,9660,54302456
vdb_random-100-match-kw-small-vocab-no-filters,IVF_FLAT,11,448,747,5762,9,128,9,543,3638,False,True,82667,1487402806,5641,28,0.0,0,0.83205,0.04567719232290983,1037160,456771923
vdb_random-100-match-kw-small-vocab-no-filters,SCANN,10,437,512,1824,51,128,3,588,4820,False,True,84720,1995934430,5855,85,0.0,0,0.99769,0.004847412230446934,5880,48474122
vdb_random-100-match-kw-small-vocab-no-filters,IVF_SQ8,17,321,383,2295,14,1,1,546,9993,False,False,9545,4308108441,5235,85,0.0,0,0.73343,0.01914400346577167,642600,191440034
vdb_random-100-match-kw-small-vocab-no-filters,IVF_FLAT,44,375,861,7174,54,64,7,508,4785,False,False,5513,7100810296,830,88,0.0,0,0.99997,0.08917323076166211,7747920,891732307
vdb_random-100-match-kw-small-vocab-no-filters,IVF_SQ8,13,430,896,5925,16,32,9,655,5450,True,False,89355,6140858264,8901,77,0.0,0,0.9315,0.03734395895153282,1896000,373439589
vdb_random-100-match-kw-small-vocab-no-filters,IVF_SQ8,58,454,395,783,68,16,8,152,1483,False,False,65072,408677163,3515,92,0.0,0,0.93545,0.01903261230327189,1064880,190326123
vdb_random-100-match-kw-small-vocab-no-filters,IVF_FLAT,21,347,425,5348,86,8,6,551,9956,True,False,37490,369866362,5524,49,0.0,0,0.99997,0.08021172741428015,9198560,802117274
vdb_random-100-match-kw-small-vocab-no-filters,IVF_SQ8,36,432,821,1505,25,16,5,876,5394,True,False,5602,9035938479,7154,95,0.0,0,0.8208700000000001,0.009084560023620725,752500,90845600
vdb_random-100-match-kw-small-vocab-no-filters,HNSW,5,391,165,7383,53,1,9,906,2884,True,True,30229,6222746607,4747,65,0.0,0,0.33421,0.003990359697490924,1955000,39903596
vdb_random-100-match-kw-small-vocab-no-filters,FLAT,22,380,215,3431,65,32,5,559,3477,False,True,47562,6977700174,3164,52,0.0,0,0.99997,0.09837776543572543,1000000,983777654
vdb_random-100-match-kw-small-vocab-no-filters,SCANN,20,193,506,9362,6,8,6,991,8936,False,True,39559,292254860,2636,41,0.0,0,0.99939,0.005331472167745231,9910,53314721
vdb_random-100-match-kw-small-vocab-no-filters,IVF_SQ8,39,138,714,586,88,128,9,454,4685,True,False,67562,3937788461,394,84,0.0,0,0.9728300000000001,0.021309732599183916,1031360,213097325
vdb_random-100-match-kw-small-vocab-no-filters,AUTOINDEX,63,73,833,1433,14,64,3,635,4850,True,False,99677,9220817304,5422,8,0.0,0,0.24906999999999999,0.01985672963783144,1000000,198567296
vdb_random-100-match-kw-small-vocab-no-filters,IVF_PQ,18,465,775,4257,46,128,2,848,8854,False,True,21619,8567186012,6917,15,0.0,0,0.00085,0.07802292220294466,3916440,780229222
vdb_random-100-match-kw-small-vocab-no-filters,IVF_SQ8,23,186,415,6001,67,32,5,106,5420,True,True,49720,3809295880,5170,46,0.0,0,0.9748100000000001,0.047919550724327555,8041340,479195507
vdb_random-100-match-kw-small-vocab-no-filters,IVF_SQ8,60,125,752,2828,56,32,2,120,2306,False,False,64192,8115094791,1375,38,0.0,0,0.97045,0.037844726676121355,3167360,378447266
vdb_random-100-match-kw-small-vocab-no-filters,IVF_PQ,46,43,778,6516,88,1,8,308,4378,False,True,92134,729927273,4313,64,0.0,0,0.00755,0.026204339833930113,11468160,262043398
vdb_random-100-match-kw-small-vocab-no-filters,SCANN,18,503,428,2772,33,32,6,813,1277,False,False,78803,7257344091,7707,24,0.0,0,0.99555,0.006382534792646763,8130,63825347
vdb_random-100-match-kw-small-vocab-no-filters,AUTOINDEX,55,284,817,8715,39,2,8,594,2020,False,False,46756,5484427522,3778,27,0.0,0,0.24861999999999998,0.020888841478154056,1000000,208888414
vdb_random-100-match-kw-small-vocab-no-filters,IVF_PQ,62,305,245,3207,50,32,7,976,9581,False,False,77662,9465514516,8789,6,0.0,0,0.14023000000000002,0.05296727907843885,3207000,529672790
vdb_random-100-match-kw-small-vocab-no-filters,IVF_PQ,21,172,601,2839,11,32,3,632,4306,True,False,88863,1953272779,3567,84,0.0,0,0.10183999999999999,0.026343205897137487,624580,263432058
vdb_random-100-match-kw-small-vocab-no-filters,IVF_FLAT,24,294,112,2351,91,64,7,176,8414,True,False,94529,7383764916,1715,19,0.0,0,0.9999400000000002,0.07293616253882647,4278820,729361625
vdb_random-100-match-kw-small-vocab-no-filters,IVF_SQ8,40,359,682,6646,23,32,5,451,643,True,True,98770,6639054086,8735,23,0.0,0,0.9664,0.04470039196312422,3057160,447003919
vdb_random-100-match-kw-small-vocab-no-filters,SCANN,19,410,837,3472,96,64,4,603,4619,True,True,23548,8114021640,6729,14,0.0,0,0.9978600000000001,0.0050474056508392085,6030,50474056
vdb_random-100-match-kw-small-vocab-no-filters,SCANN,35,137,213,491,17,2,5,169,772,False,True,1351,4165495827,4190,21,0.0,0,0.88992,0.0034986044280230994,1690,34986044
vdb_random-100-match-kw-small-vocab-no-filters,FLAT,22,380,862,5719,60,32,3,268,4750,True,True,76192,7317989276,6240,97,0.0,0,0.99997,0.09922345886006952,1000000,992234588
vdb_random-100-match-kw-small-vocab-no-filters,IVF_FLAT,56,330,619,2821,40,4,6,214,6479,True,False,96669,314143024,7344,65,0.0,0,0.96647,0.058906697342172264,2256800,589066973
vdb_random-100-match-kw-small-vocab-no-filters,SCANN,40,464,332,6559,97,2,3,669,2437,False,True,54807,5454760612,3552,20,0.0,0,0.9983,0.005374092468991875,6690,53740924
vdb_random-100-match-kw-small-vocab-no-filters,IVF_PQ,46,443,181,3500,22,2,6,702,1959,False,True,18782,3685742657,1560,12,0.0,0,0.03743,0.01638084426522253,1540000,163808442
vdb_random-100-match-kw-small-vocab-no-filters,AUTOINDEX,29,432,297,9722,87,16,3,399,1747,False,False,31721,6829825693,4081,33,0.0,0,0.24878999999999996,0.020828804373741135,1000000,208288043
vdb_random-100-match-kw-small-vocab-no-filters,IVF_SQ8,17,465,379,8510,33,128,3,557,8797,True,False,49922,8310138799,7121,74,0.0,0,0.9747,0.05360360988415777,5616600,536036098
vdb_random-100-match-kw-small-vocab-no-filters,SCANN,9,473,687,7283,80,1,8,454,3703,True,True,76006,4737996393,9381,3,0.0,0,0.99595,0.004997502733021973,4540,49975027
vdb_random-100-match-kw-small-vocab-no-filters,FLAT,8,412,143,5036,99,4,7,629,9156,False,False,59067,996099591,4471,45,0.0,0,0.99997,0.09798363172449172,1000000,979836317
vdb_random-100-match-kw-small-vocab-no-filters,IVF_SQ8,16,211,443,8162,94,128,1,354,3839,False,False,65882,9916974607,5399,61,0.0,0,0.9753,0.05159461130388081,15344560,515946113
