FileName,SIZE,DIM,LID,Sum_K_MinDist,Sum_K_MaxDist,Sum_K_StdDist,q_SIZE,q_K_MinRatio,q_K_MaxRatio,q_K_MeanRatio,q_K_StdRatio,efConstruction,M,efSearch,construction_time,memory,recall,search_time,construct_dc_counts,search_dc_counts,average_construct_dc_counts,average_search_dc_counts,whole_search_time
vdb_glove-100-angular,1183514.0,100.0,18.06556935697604,2.538027763366699,12.411911964416504,1.4168413877487185,10000.0,0.442644327878952,0.917720377445221,0.8476809859275818,0.0570858754217624,20,4,100,0.0,0,0.337038,0.0031274151522666,87031,31274151,1,3128,31.274151522666
vdb_glove-100-angular,1183514.0,100.0,18.06556935697604,2.538027763366699,12.411911964416504,1.4168413877487185,10000.0,0.442644327878952,0.917720377445221,0.8476809859275818,0.0570858754217624,20,4,200,0.0,0,0.406344,0.0031730123795568,87031,31730123,1,3174,31.730123795567998
vdb_glove-100-angular,1183514.0,100.0,18.06556935697604,2.538027763366699,12.411911964416504,1.4168413877487185,10000.0,0.442644327878952,0.917720377445221,0.8476809859275818,0.0570858754217624,20,4,400,0.0,0,0.47307,0.0036441766889765,87031,36441766,1,3645,36.441766889765
vdb_glove-100-angular,1183514.0,100.0,18.06556935697604,2.538027763366699,12.411911964416504,1.4168413877487185,10000.0,0.442644327878952,0.917720377445221,0.8476809859275818,0.0570858754217624,20,4,600,0.0,0,0.5048590000000001,0.0044902248075231,87031,44902248,1,4491,44.902248075231
vdb_glove-100-angular,1183514.0,100.0,18.06556935697604,2.538027763366699,12.411911964416504,1.4168413877487185,10000.0,0.442644327878952,0.917720377445221,0.8476809859275818,0.0570858754217624,20,8,100,0.0,0,0.5566399999999999,0.0032824451802298,174063,32824451,1,3283,32.824451802298
vdb_glove-100-angular,1183514.0,100.0,18.06556935697604,2.538027763366699,12.411911964416504,1.4168413877487185,10000.0,0.442644327878952,0.917720377445221,0.8476809859275818,0.0570858754217624,20,8,400,0.0,0,0.70311,0.0040804610820487,174063,40804610,1,4081,40.804610820487
vdb_glove-100-angular,1183514.0,100.0,18.06556935697604,2.538027763366699,12.411911964416504,1.4168413877487185,10000.0,0.442644327878952,0.917720377445221,0.8476809859275818,0.0570858754217624,20,8,600,0.0,0,0.7437050000000001,0.0046629665652289,174063,46629665,1,4663,46.629665652289006
vdb_glove-100-angular,1183514.0,100.0,18.06556935697604,2.538027763366699,12.411911964416504,1.4168413877487185,10000.0,0.442644327878952,0.917720377445221,0.8476809859275818,0.0570858754217624,20,16,100,0.0,0,0.7299869999999999,0.0043285777093842,348126,43285777,1,4329,43.285777093842
vdb_glove-100-angular,1183514.0,100.0,18.06556935697604,2.538027763366699,12.411911964416504,1.4168413877487185,10000.0,0.442644327878952,0.917720377445221,0.8476809859275818,0.0570858754217624,20,16,200,0.0,0,0.792358,0.004053241526708,348126,40532415,1,4054,40.53241526708
vdb_glove-100-angular,1183514.0,100.0,18.06556935697604,2.538027763366699,12.411911964416504,1.4168413877487185,10000.0,0.442644327878952,0.917720377445221,0.8476809859275818,0.0570858754217624,20,16,600,0.0,0,0.8250220000000001,0.0045529200462624,348126,45529200,1,4553,45.529200462624004
vdb_glove-100-angular,1183514.0,100.0,18.06556935697604,2.538027763366699,12.411911964416504,1.4168413877487185,10000.0,0.442644327878952,0.917720377445221,0.8476809859275818,0.0570858754217624,40,4,100,0.0,0,0.4209309999999999,0.0032471841666847,174063,32471841,1,3248,32.471841666847
vdb_glove-100-angular,1183514.0,100.0,18.06556935697604,2.538027763366699,12.411911964416504,1.4168413877487185,10000.0,0.442644327878952,0.917720377445221,0.8476809859275818,0.0570858754217624,40,4,200,0.0,0,0.509049,0.0034059338271617,174063,34059338,1,3406,34.059338271617
vdb_glove-100-angular,1183514.0,100.0,18.06556935697604,2.538027763366699,12.411911964416504,1.4168413877487185,10000.0,0.442644327878952,0.917720377445221,0.8476809859275818,0.0570858754217624,40,4,400,0.0,0,0.575149,0.0035737355006858,174063,35737355,1,3574,35.737355006857996
vdb_glove-100-angular,1183514.0,100.0,18.06556935697604,2.538027763366699,12.411911964416504,1.4168413877487185,10000.0,0.442644327878952,0.917720377445221,0.8476809859275818,0.0570858754217624,40,4,600,0.0,0,0.6146860000000001,0.0046261397656053,174063,46261397,1,4627,46.261397656053
vdb_glove-100-angular,1183514.0,100.0,18.06556935697604,2.538027763366699,12.411911964416504,1.4168413877487185,10000.0,0.442644327878952,0.917720377445221,0.8476809859275818,0.0570858754217624,40,8,100,0.0,0,0.6603020000000001,0.0034665751038119,348126,34665751,1,3467,34.665751038119
vdb_glove-100-angular,1183514.0,100.0,18.06556935697604,2.538027763366699,12.411911964416504,1.4168413877487185,10000.0,0.442644327878952,0.917720377445221,0.8476809859275818,0.0570858754217624,40,8,200,0.0,0,0.738439,0.0037649791222065,348126,37649791,1,3765,37.649791222065
vdb_glove-100-angular,1183514.0,100.0,18.06556935697604,2.538027763366699,12.411911964416504,1.4168413877487185,10000.0,0.442644327878952,0.917720377445221,0.8476809859275818,0.0570858754217624,40,8,400,0.0,0,0.797111,0.0042750823544338,348126,42750823,1,4276,42.750823544338004
vdb_glove-100-angular,1183514.0,100.0,18.06556935697604,2.538027763366699,12.411911964416504,1.4168413877487185,10000.0,0.442644327878952,0.917720377445221,0.8476809859275818,0.0570858754217624,40,8,600,0.0,0,0.833909,0.0049300896469503,348126,49300896,1,4931,49.300896469503
vdb_glove-100-angular,1183514.0,100.0,18.06556935697604,2.538027763366699,12.411911964416504,1.4168413877487185,10000.0,0.442644327878952,0.917720377445221,0.8476809859275818,0.0570858754217624,40,16,100,0.0,0,0.758074,0.0032921239268034,696252,32921239,1,3293,32.921239268034
vdb_glove-100-angular,1183514.0,100.0,18.06556935697604,2.538027763366699,12.411911964416504,1.4168413877487185,10000.0,0.442644327878952,0.917720377445221,0.8476809859275818,0.0570858754217624,40,16,200,0.0,0,0.82491,0.0041530840098857,696252,41530840,1,4154,41.530840098857006
vdb_glove-100-angular,1183514.0,100.0,18.06556935697604,2.538027763366699,12.411911964416504,1.4168413877487185,10000.0,0.442644327878952,0.917720377445221,0.8476809859275818,0.0570858754217624,40,16,400,0.0,0,0.885574,0.0043320694006979,696252,43320694,1,4333,43.320694006979004
vdb_glove-100-angular,1183514.0,100.0,18.06556935697604,2.538027763366699,12.411911964416504,1.4168413877487185,10000.0,0.442644327878952,0.917720377445221,0.8476809859275818,0.0570858754217624,40,16,600,0.0,0,0.902669,0.0050055483588948,696252,50055483,1,5006,50.05548358894799
vdb_glove-100-angular,1183514.0,100.0,18.06556935697604,2.538027763366699,12.411911964416504,1.4168413877487185,10000.0,0.442644327878952,0.917720377445221,0.8476809859275818,0.0570858754217624,40,32,100,0.0,0,0.8473799999999999,0.003563451161608,1392504,35634511,2,3564,35.63451161608
vdb_glove-100-angular,1183514.0,100.0,18.06556935697604,2.538027763366699,12.411911964416504,1.4168413877487185,10000.0,0.442644327878952,0.917720377445221,0.8476809859275818,0.0570858754217624,40,32,200,0.0,0,0.90114,0.0042511476436629,1392504,42511476,2,4252,42.511476436629
vdb_glove-100-angular,1183514.0,100.0,18.06556935697604,2.538027763366699,12.411911964416504,1.4168413877487185,10000.0,0.442644327878952,0.917720377445221,0.8476809859275818,0.0570858754217624,40,32,400,0.0,0,0.946995,0.005501629365608,1392504,55016293,2,5502,55.016293656079995
vdb_glove-100-angular,1183514.0,100.0,18.06556935697604,2.538027763366699,12.411911964416504,1.4168413877487185,10000.0,0.442644327878952,0.917720377445221,0.8476809859275818,0.0570858754217624,40,32,600,0.0,0,0.964804,0.0065931663382798,1392504,65931663,2,6594,65.931663382798
vdb_glove-100-angular,1183514.0,100.0,18.06556935697604,2.538027763366699,12.411911964416504,1.4168413877487185,10000.0,0.442644327878952,0.917720377445221,0.8476809859275818,0.0570858754217624,80,4,100,0.0,0,0.4943700000000001,0.0027615920873358,348126,27615920,1,2762,27.615920873357997
vdb_glove-100-angular,1183514.0,100.0,18.06556935697604,2.538027763366699,12.411911964416504,1.4168413877487185,10000.0,0.442644327878952,0.917720377445221,0.8476809859275818,0.0570858754217624,80,4,200,0.0,0,0.5779139999999999,0.0033383161295205,348126,33383161,1,3339,33.383161295205
vdb_glove-100-angular,1183514.0,100.0,18.06556935697604,2.538027763366699,12.411911964416504,1.4168413877487185,10000.0,0.442644327878952,0.917720377445221,0.8476809859275818,0.0570858754217624,80,4,400,0.0,0,0.647958,0.0038185634417459,348126,38185634,1,3819,38.185634417459
vdb_glove-100-angular,1183514.0,100.0,18.06556935697604,2.538027763366699,12.411911964416504,1.4168413877487185,10000.0,0.442644327878952,0.917720377445221,0.8476809859275818,0.0570858754217624,80,4,600,0.0,0,0.6843889999999999,0.0045248750364407,348126,45248750,1,4525,45.248750364406995
vdb_glove-100-angular,1183514.0,100.0,18.06556935697604,2.538027763366699,12.411911964416504,1.4168413877487185,10000.0,0.442644327878952,0.917720377445221,0.8476809859275818,0.0570858754217624,80,8,100,0.0,0,0.713464,0.0032670158892869,696252,32670158,1,3268,32.670158892869
vdb_glove-100-angular,1183514.0,100.0,18.06556935697604,2.538027763366699,12.411911964416504,1.4168413877487185,10000.0,0.442644327878952,0.917720377445221,0.8476809859275818,0.0570858754217624,80,8,200,0.0,0,0.78805,0.0037658593151718,696252,37658593,1,3766,37.658593151718
vdb_glove-100-angular,1183514.0,100.0,18.06556935697604,2.538027763366699,12.411911964416504,1.4168413877487185,10000.0,0.442644327878952,0.917720377445221,0.8476809859275818,0.0570858754217624,80,8,400,0.0,0,0.8446880000000001,0.0043868584791198,696252,43868584,1,4387,43.868584791197996
vdb_glove-100-angular,1183514.0,100.0,18.06556935697604,2.538027763366699,12.411911964416504,1.4168413877487185,10000.0,0.442644327878952,0.917720377445221,0.8476809859275818,0.0570858754217624,80,8,600,0.0,0,0.8692960000000001,0.0052721209591254,696252,52721209,1,5273,52.721209591253995
vdb_glove-100-angular,1183514.0,100.0,18.06556935697604,2.538027763366699,12.411911964416504,1.4168413877487185,10000.0,0.442644327878952,0.917720377445221,0.8476809859275818,0.0570858754217624,80,16,100,0.0,0,0.80896,0.0030842532636597,1392504,30842532,2,3085,30.842532636597
vdb_glove-100-angular,1183514.0,100.0,18.06556935697604,2.538027763366699,12.411911964416504,1.4168413877487185,10000.0,0.442644327878952,0.917720377445221,0.8476809859275818,0.0570858754217624,80,16,200,0.0,0,0.867445,0.0044143757317215,1392504,44143757,2,4415,44.143757317215
vdb_glove-100-angular,1183514.0,100.0,18.06556935697604,2.538027763366699,12.411911964416504,1.4168413877487185,10000.0,0.442644327878952,0.917720377445221,0.8476809859275818,0.0570858754217624,80,16,400,0.0,0,0.917166,0.0050589991966262,1392504,50589991,2,5059,50.589991966262005
vdb_glove-100-angular,1183514.0,100.0,18.06556935697604,2.538027763366699,12.411911964416504,1.4168413877487185,10000.0,0.442644327878952,0.917720377445221,0.8476809859275818,0.0570858754217624,80,16,600,0.0,0,0.939296,0.0058423922630026,1392504,58423922,2,5843,58.423922630026
vdb_glove-100-angular,1183514.0,100.0,18.06556935697604,2.538027763366699,12.411911964416504,1.4168413877487185,10000.0,0.442644327878952,0.917720377445221,0.8476809859275818,0.0570858754217624,80,32,100,0.0,0,0.847002,0.003605061257258,2785009,36050612,3,3606,36.05061257258
vdb_glove-100-angular,1183514.0,100.0,18.06556935697604,2.538027763366699,12.411911964416504,1.4168413877487185,10000.0,0.442644327878952,0.917720377445221,0.8476809859275818,0.0570858754217624,80,32,200,0.0,0,0.902425,0.0042564443312585,2785009,42564443,3,4257,42.564443312585
vdb_glove-100-angular,1183514.0,100.0,18.06556935697604,2.538027763366699,12.411911964416504,1.4168413877487185,10000.0,0.442644327878952,0.917720377445221,0.8476809859275818,0.0570858754217624,80,32,400,0.0,0,0.945222,0.0049902708735316,2785009,49902708,3,4991,49.902708735316004
vdb_glove-100-angular,1183514.0,100.0,18.06556935697604,2.538027763366699,12.411911964416504,1.4168413877487185,10000.0,0.442644327878952,0.917720377445221,0.8476809859275818,0.0570858754217624,80,32,600,0.0,0,0.967628,0.0061048531206324,2785009,61048531,3,6105,61.048531206324
vdb_glove-100-angular,1183514.0,100.0,18.06556935697604,2.538027763366699,12.411911964416504,1.4168413877487185,10000.0,0.442644327878952,0.917720377445221,0.8476809859275818,0.0570858754217624,120,4,100,0.0,0,0.5105699999999999,0.0026689220685511,522189,26689220,1,2669,26.689220685511
vdb_glove-100-angular,1183514.0,100.0,18.06556935697604,2.538027763366699,12.411911964416504,1.4168413877487185,10000.0,0.442644327878952,0.917720377445221,0.8476809859275818,0.0570858754217624,120,4,200,0.0,0,0.612853,0.003757604304701,522189,37576043,1,3758,37.57604304701
vdb_glove-100-angular,1183514.0,100.0,18.06556935697604,2.538027763366699,12.411911964416504,1.4168413877487185,10000.0,0.442644327878952,0.917720377445221,0.8476809859275818,0.0570858754217624,120,4,400,0.0,0,0.675506,0.0042357809841632,522189,42357809,1,4236,42.357809841632005
vdb_glove-100-angular,1183514.0,100.0,18.06556935697604,2.538027763366699,12.411911964416504,1.4168413877487185,10000.0,0.442644327878952,0.917720377445221,0.8476809859275818,0.0570858754217624,120,4,600,0.0,0,0.7139289999999999,0.0047381014330312,522189,47381014,1,4739,47.381014330312
vdb_glove-100-angular,1183514.0,100.0,18.06556935697604,2.538027763366699,12.411911964416504,1.4168413877487185,10000.0,0.442644327878952,0.917720377445221,0.8476809859275818,0.0570858754217624,120,8,100,0.0,0,0.728142,0.003565155621618,1044378,35651556,1,3566,35.65155621618
vdb_glove-100-angular,1183514.0,100.0,18.06556935697604,2.538027763366699,12.411911964416504,1.4168413877487185,10000.0,0.442644327878952,0.917720377445221,0.8476809859275818,0.0570858754217624,120,8,200,0.0,0,0.802268,0.0036229604622349,1044378,36229604,1,3623,36.229604622349
vdb_glove-100-angular,1183514.0,100.0,18.06556935697604,2.538027763366699,12.411911964416504,1.4168413877487185,10000.0,0.442644327878952,0.917720377445221,0.8476809859275818,0.0570858754217624,120,8,400,0.0,0,0.8558040000000001,0.0043995016952976,1044378,43995016,1,4400,43.995016952976
vdb_glove-100-angular,1183514.0,100.0,18.06556935697604,2.538027763366699,12.411911964416504,1.4168413877487185,10000.0,0.442644327878952,0.917720377445221,0.8476809859275818,0.0570858754217624,120,8,600,0.0,0,0.8854330000000001,0.0052287184400483,1044378,52287184,1,5229,52.287184400483
vdb_glove-100-angular,1183514.0,100.0,18.06556935697604,2.538027763366699,12.411911964416504,1.4168413877487185,10000.0,0.442644327878952,0.917720377445221,0.8476809859275818,0.0570858754217624,120,16,100,0.0,0,0.8265899999999999,0.0034529202850535,2088757,34529202,2,3453,34.529202850535
vdb_glove-100-angular,1183514.0,100.0,18.06556935697604,2.538027763366699,12.411911964416504,1.4168413877487185,10000.0,0.442644327878952,0.917720377445221,0.8476809859275818,0.0570858754217624,120,16,200,0.0,0,0.8831559999999999,0.0040711859008297,2088757,40711859,2,4072,40.711859008297
vdb_glove-100-angular,1183514.0,100.0,18.06556935697604,2.538027763366699,12.411911964416504,1.4168413877487185,10000.0,0.442644327878952,0.917720377445221,0.8476809859275818,0.0570858754217624,120,16,400,0.0,0,0.927562,0.0048065467970445,2088757,48065467,2,4807,48.065467970445
vdb_glove-100-angular,1183514.0,100.0,18.06556935697604,2.538027763366699,12.411911964416504,1.4168413877487185,10000.0,0.442644327878952,0.917720377445221,0.8476809859275818,0.0570858754217624,120,16,600,0.0,0,0.952486,0.0055374952498823,2088757,55374952,2,5538,55.374952498823
vdb_glove-100-angular,1183514.0,100.0,18.06556935697604,2.538027763366699,12.411911964416504,1.4168413877487185,10000.0,0.442644327878952,0.917720377445221,0.8476809859275818,0.0570858754217624,120,32,100,0.0,0,0.867275,0.0035795594332739,4177514,35795594,4,3580,35.795594332739
vdb_glove-100-angular,1183514.0,100.0,18.06556935697604,2.538027763366699,12.411911964416504,1.4168413877487185,10000.0,0.442644327878952,0.917720377445221,0.8476809859275818,0.0570858754217624,120,32,200,0.0,0,0.926389,0.0043784596025943,4177514,43784596,4,4379,43.784596025943
vdb_glove-100-angular,1183514.0,100.0,18.06556935697604,2.538027763366699,12.411911964416504,1.4168413877487185,10000.0,0.442644327878952,0.917720377445221,0.8476809859275818,0.0570858754217624,120,32,400,0.0,0,0.961147,0.0053845191374421,4177514,53845191,4,5385,53.845191374421
vdb_glove-100-angular,1183514.0,100.0,18.06556935697604,2.538027763366699,12.411911964416504,1.4168413877487185,10000.0,0.442644327878952,0.917720377445221,0.8476809859275818,0.0570858754217624,120,32,600,0.0,0,0.97773,0.0064936662558466,4177514,64936662,4,6494,64.936662558466
vdb_glove-100-angular,1183514.0,100.0,18.06556935697604,2.538027763366699,12.411911964416504,1.4168413877487185,10000.0,0.442644327878952,0.917720377445221,0.8476809859275818,0.0570858754217624,200,4,100,0.0,0,0.5378029999999999,0.0035497152945026,870315,35497152,1,3550,35.497152945026
vdb_glove-100-angular,1183514.0,100.0,18.06556935697604,2.538027763366699,12.411911964416504,1.4168413877487185,10000.0,0.442644327878952,0.917720377445221,0.8476809859275818,0.0570858754217624,200,4,200,0.0,0,0.633141,0.0038041398627683,870315,38041398,1,3805,38.041398627683
vdb_glove-100-angular,1183514.0,100.0,18.06556935697604,2.538027763366699,12.411911964416504,1.4168413877487185,10000.0,0.442644327878952,0.917720377445221,0.8476809859275818,0.0570858754217624,200,4,400,0.0,0,0.713736,0.0039924330776557,870315,39924330,1,3993,39.924330776557
vdb_glove-100-angular,1183514.0,100.0,18.06556935697604,2.538027763366699,12.411911964416504,1.4168413877487185,10000.0,0.442644327878952,0.917720377445221,0.8476809859275818,0.0570858754217624,200,4,600,0.0,0,0.752132,0.0046380738029256,870315,46380738,1,4639,46.380738029255994
vdb_glove-100-angular,1183514.0,100.0,18.06556935697604,2.538027763366699,12.411911964416504,1.4168413877487185,10000.0,0.442644327878952,0.917720377445221,0.8476809859275818,0.0570858754217624,200,8,100,0.0,0,0.739011,0.0032394707901403,1740630,32394707,2,3240,32.394707901403
vdb_glove-100-angular,1183514.0,100.0,18.06556935697604,2.538027763366699,12.411911964416504,1.4168413877487185,10000.0,0.442644327878952,0.917720377445221,0.8476809859275818,0.0570858754217624,200,8,200,0.0,0,0.810373,0.0033545370912179,1740630,33545370,2,3355,33.545370912178996
vdb_glove-100-angular,1183514.0,100.0,18.06556935697604,2.538027763366699,12.411911964416504,1.4168413877487185,10000.0,0.442644327878952,0.917720377445221,0.8476809859275818,0.0570858754217624,200,8,400,0.0,0,0.865247,0.0039875144604593,1740630,39875144,2,3988,39.875144604593004
vdb_glove-100-angular,1183514.0,100.0,18.06556935697604,2.538027763366699,12.411911964416504,1.4168413877487185,10000.0,0.442644327878952,0.917720377445221,0.8476809859275818,0.0570858754217624,200,8,600,0.0,0,0.893329,0.0046551014995202,1740630,46551014,2,4656,46.551014995202
vdb_glove-100-angular,1183514.0,100.0,18.06556935697604,2.538027763366699,12.411911964416504,1.4168413877487185,10000.0,0.442644327878952,0.917720377445221,0.8476809859275818,0.0570858754217624,200,16,100,0.0,0,0.8365060000000001,0.0034049276495352,3481261,34049276,3,3405,34.049276495352
vdb_glove-100-angular,1183514.0,100.0,18.06556935697604,2.538027763366699,12.411911964416504,1.4168413877487185,10000.0,0.442644327878952,0.917720377445221,0.8476809859275818,0.0570858754217624,200,16,200,0.0,0,0.8956790000000001,0.0039805105654522,3481261,39805105,3,3981,39.805105654522
vdb_glove-100-angular,1183514.0,100.0,18.06556935697604,2.538027763366699,12.411911964416504,1.4168413877487185,10000.0,0.442644327878952,0.917720377445221,0.8476809859275818,0.0570858754217624,200,16,400,0.0,0,0.942151,0.0049723797710612,3481261,49723797,3,4973,49.723797710612
vdb_glove-100-angular,1183514.0,100.0,18.06556935697604,2.538027763366699,12.411911964416504,1.4168413877487185,10000.0,0.442644327878952,0.917720377445221,0.8476809859275818,0.0570858754217624,200,16,600,0.0,0,0.96299,0.0057449801824986,3481261,57449801,3,5745,57.449801824986
vdb_glove-100-angular,1183514.0,100.0,18.06556935697604,2.538027763366699,12.411911964416504,1.4168413877487185,10000.0,0.442644327878952,0.917720377445221,0.8476809859275818,0.0570858754217624,200,32,100,0.0,0,0.8818729999999999,0.003860767208971,6962523,38607672,6,3861,38.60767208971
vdb_glove-100-angular,1183514.0,100.0,18.06556935697604,2.538027763366699,12.411911964416504,1.4168413877487185,10000.0,0.442644327878952,0.917720377445221,0.8476809859275818,0.0570858754217624,200,32,200,0.0,0,0.940059,0.0044279671506956,6962523,44279671,6,4428,44.279671506956
vdb_glove-100-angular,1183514.0,100.0,18.06556935697604,2.538027763366699,12.411911964416504,1.4168413877487185,10000.0,0.442644327878952,0.917720377445221,0.8476809859275818,0.0570858754217624,200,32,400,0.0,0,0.9744329999999998,0.0057615682017058,6962523,57615682,6,5762,57.615682017058006
vdb_glove-100-angular,1183514.0,100.0,18.06556935697604,2.538027763366699,12.411911964416504,1.4168413877487185,10000.0,0.442644327878952,0.917720377445221,0.8476809859275818,0.0570858754217624,200,32,600,0.0,0,0.98696,0.0072319086641073,6962523,72319086,6,7232,72.319086641073
vdb_glove-100-angular,1183514.0,100.0,18.06556935697604,2.538027763366699,12.411911964416504,1.4168413877487185,10000.0,0.442644327878952,0.917720377445221,0.8476809859275818,0.0570858754217624,20,8,200,0.0,0,0.6322469999999999,0.0036254336126148,174063,36254336,1,3626,36.254336126148
vdb_glove-100-angular,1183514.0,100.0,18.06556935697604,2.538027763366699,12.411911964416504,1.4168413877487185,10000.0,0.442644327878952,0.917720377445221,0.8476809859275818,0.0570858754217624,20,16,400,0.0,0,0.84959,0.0046027650358155,348126,46027650,1,4603,46.027650358155
