FileName,SIZE,DIM,LID,Sum_K_MinDist,Sum_K_MaxDist,Sum_K_StdDist,q_SIZE,q_K_MinRatio,q_K_MaxRatio,q_K_MeanRatio,q_K_StdRatio,index_type,M,efConstruction,ef,nlist,nprobe,m,nbits,reorder_k,dataCoord*segment*maxSize,queryCoord*autoHandoff,queryCoord*autoBalance,common*gracefulTime,dataNode*segment*insertBufSize,rootCoord*minSegmentSizeToEnableIndex,dataCoord*segment*sealProportion,construction_time,memory,recall,search_time,construct_dc_counts,search_dc_counts,average_construct_dc_counts,average_search_dc_counts,whole_search_time
vdb_random-match-int-2048-angular-no-filters,100000.0,2048.0,133.0558312914499,8.543789863586426,9.41742992401123,0.1165661290287971,10000.0,0.9665960073471068,0.9820473790168762,0.9714471697807312,0.0040531270205974,HNSW,32,256,500,128,8,16,8,500,512,True,True,5000,16777216,1024,23,0.0,0,0.96648,0.0408814385998994,2590537,408814385,26,40882,408.814385998994
vdb_random-match-int-2048-angular-no-filters,100000.0,2048.0,133.0558312914499,8.543789863586426,9.41742992401123,0.1165661290287971,10000.0,0.9665960073471068,0.9820473790168762,0.9714471697807312,0.0040531270205974,IVF_SQ8,59,121,183,4660,4,128,2,786,6887,True,False,86050,4921772892,1808,73,0.0,0,0.8902599999999998,0.0126842794474214,117889,126842794,2,12685,126.842794474214
vdb_random-match-int-2048-angular-no-filters,100000.0,2048.0,133.0558312914499,8.543789863586426,9.41742992401123,0.1165661290287971,10000.0,0.9665960073471068,0.9820473790168762,0.9714471697807312,0.0040531270205974,IVF_SQ8,61,371,592,2413,77,2,3,848,9879,False,False,31753,4583170052,538,86,0.0,0,0.9815,0.0179007905535399,1175108,179007905,12,17901,179.007905535399
vdb_random-match-int-2048-angular-no-filters,100000.0,2048.0,133.0558312914499,8.543789863586426,9.41742992401123,0.1165661290287971,10000.0,0.9665960073471068,0.9820473790168762,0.9714471697807312,0.0040531270205974,AUTOINDEX,47,188,390,680,76,2,9,192,1042,False,True,816,6721952684,7571,70,0.0,0,0.3600899999999999,0.0035344899166375,316227,35344899,4,3535,35.344899166375
vdb_random-match-int-2048-angular-no-filters,100000.0,2048.0,133.0558312914499,8.543789863586426,9.41742992401123,0.1165661290287971,10000.0,0.9665960073471068,0.9820473790168762,0.9714471697807312,0.0040531270205974,AUTOINDEX,53,150,587,4213,36,2,1,619,6807,False,True,82051,6635289374,7143,27,0.0,0,0.38456,0.0036080042365938,316227,36080042,4,3609,36.080042365938
vdb_random-match-int-2048-angular-no-filters,100000.0,2048.0,133.0558312914499,8.543789863586426,9.41742992401123,0.1165661290287971,10000.0,0.9665960073471068,0.9820473790168762,0.9714471697807312,0.0040531270205974,IVF_PQ,8,159,321,6830,67,32,8,376,2167,False,True,12958,1023381733,5252,85,0.0,0,0.10393,0.0073906301055103,2894179,73906301,29,7391,73.906301055103
vdb_random-match-int-2048-angular-no-filters,100000.0,2048.0,133.0558312914499,8.543789863586426,9.41742992401123,0.1165661290287971,10000.0,0.9665960073471068,0.9820473790168762,0.9714471697807312,0.0040531270205974,IVF_SQ8,30,90,571,3660,30,64,6,775,8084,True,True,65290,886190699,7611,44,0.0,0,0.98145,0.0176114816684275,694436,176114816,7,17612,176.11481668427498
vdb_random-match-int-2048-angular-no-filters,100000.0,2048.0,133.0558312914499,8.543789863586426,9.41742992401123,0.1165661290287971,10000.0,0.9665960073471068,0.9820473790168762,0.9714471697807312,0.0040531270205974,IVF_SQ8,45,376,689,4431,84,32,7,434,8072,False,False,91199,2660974710,5887,94,0.0,0,0.98177,0.0180907708592712,2354024,180907708,24,18091,180.907708592712
vdb_random-match-int-2048-angular-no-filters,100000.0,2048.0,133.0558312914499,8.543789863586426,9.41742992401123,0.1165661290287971,10000.0,0.9665960073471068,0.9820473790168762,0.9714471697807312,0.0040531270205974,AUTOINDEX,38,73,134,3133,31,4,2,686,3024,False,True,26969,4025060689,8205,39,0.0,0,0.3594,0.003653632197529,316227,36536321,4,3654,36.53632197529
vdb_random-match-int-2048-angular-no-filters,100000.0,2048.0,133.0558312914499,8.543789863586426,9.41742992401123,0.1165661290287971,10000.0,0.9665960073471068,0.9820473790168762,0.9714471697807312,0.0040531270205974,IVF_FLAT,46,100,817,4135,20,16,2,341,9510,False,True,69082,9625092968,3249,85,0.0,0,0.99197,0.0558946122881025,523040,558946122,6,55895,558.9461228810251
vdb_random-match-int-2048-angular-no-filters,100000.0,2048.0,133.0558312914499,8.543789863586426,9.41742992401123,0.1165661290287971,10000.0,0.9665960073471068,0.9820473790168762,0.9714471697807312,0.0040531270205974,FLAT,31,43,910,2946,60,64,3,471,1104,False,True,11660,2473406526,7290,94,0.0,0,0.9998400000000002,0.0708552836440503,316227,708552836,4,70856,708.552836440503
vdb_random-match-int-2048-angular-no-filters,100000.0,2048.0,133.0558312914499,8.543789863586426,9.41742992401123,0.1165661290287971,10000.0,0.9665960073471068,0.9820473790168762,0.9714471697807312,0.0040531270205974,AUTOINDEX,45,451,140,8795,34,128,8,803,7149,True,True,33941,3950640169,237,90,0.0,0,0.37378,0.0036932589951902,316227,36932589,4,3694,36.932589951901996
vdb_random-match-int-2048-angular-no-filters,100000.0,2048.0,133.0558312914499,8.543789863586426,9.41742992401123,0.1165661290287971,10000.0,0.9665960073471068,0.9820473790168762,0.9714471697807312,0.0040531270205974,HNSW,33,350,278,222,60,4,4,881,628,False,True,64361,2857376109,6447,15,0.0,0,0.96639,0.0336436884012073,3652430,336436884,37,33644,336.436884012073
vdb_random-match-int-2048-angular-no-filters,100000.0,2048.0,133.0558312914499,8.543789863586426,9.41742992401123,0.1165661290287971,10000.0,0.9665960073471068,0.9820473790168762,0.9714471697807312,0.0040531270205974,IVF_FLAT,29,196,586,2245,92,16,4,388,1229,False,False,18580,9577703482,118,69,0.0,0,0.9998400000000002,0.0623969381209462,1306273,623969381,14,62397,623.9693812094621
vdb_random-match-int-2048-angular-no-filters,100000.0,2048.0,133.0558312914499,8.543789863586426,9.41742992401123,0.1165661290287971,10000.0,0.9665960073471068,0.9820473790168762,0.9714471697807312,0.0040531270205974,SCANN,57,17,250,5598,18,4,9,892,2950,True,False,85385,1125115047,5895,7,0.0,0,0.9998400000000002,0.0077564507722854,2820,77564507,1,7757,77.564507722854
vdb_random-match-int-2048-angular-no-filters,100000.0,2048.0,133.0558312914499,8.543789863586426,9.41742992401123,0.1165661290287971,10000.0,0.9665960073471068,0.9820473790168762,0.9714471697807312,0.0040531270205974,IVF_FLAT,31,49,925,5324,9,1,6,295,5628,False,False,72980,3622153003,9188,59,0.0,0,0.94823,0.0546567006967961,303047,546567006,4,54657,546.567006967961
vdb_random-match-int-2048-angular-no-filters,100000.0,2048.0,133.0558312914499,8.543789863586426,9.41742992401123,0.1165661290287971,10000.0,0.9665960073471068,0.9820473790168762,0.9714471697807312,0.0040531270205974,AUTOINDEX,26,297,790,9634,92,1,7,351,739,True,True,85469,8737521731,1830,57,0.0,0,0.34193,0.0033146448433399,316227,33146448,4,3315,33.146448433399
vdb_random-match-int-2048-angular-no-filters,100000.0,2048.0,133.0558312914499,8.543789863586426,9.41742992401123,0.1165661290287971,10000.0,0.9665960073471068,0.9820473790168762,0.9714471697807312,0.0040531270205974,FLAT,42,385,180,3459,97,64,4,735,7751,True,False,74314,3699789150,5475,82,0.0,0,0.9998400000000002,0.0720664441119879,316227,720664441,4,72067,720.664441119879
vdb_random-match-int-2048-angular-no-filters,100000.0,2048.0,133.0558312914499,8.543789863586426,9.41742992401123,0.1165661290287971,10000.0,0.9665960073471068,0.9820473790168762,0.9714471697807312,0.0040531270205974,AUTOINDEX,46,48,884,9117,81,32,4,464,5781,True,True,90652,1475838228,3475,33,0.0,0,0.39496,0.0037174773402512,316227,37174773,4,3718,37.174773402512
vdb_random-match-int-2048-angular-no-filters,100000.0,2048.0,133.0558312914499,8.543789863586426,9.41742992401123,0.1165661290287971,10000.0,0.9665960073471068,0.9820473790168762,0.9714471697807312,0.0040531270205974,IVF_SQ8,18,478,455,3751,66,4,1,799,6953,False,True,14608,618655416,8797,76,0.0,0,0.98135,0.0159736576024442,1565744,159736576,16,15974,159.736576024442
vdb_random-match-int-2048-angular-no-filters,100000.0,2048.0,133.0558312914499,8.543789863586426,9.41742992401123,0.1165661290287971,10000.0,0.9665960073471068,0.9820473790168762,0.9714471697807312,0.0040531270205974,HNSW,12,147,840,4548,55,16,1,428,6492,False,True,98763,9783142588,3800,99,0.0,0,0.82196,0.0211882975883781,557825,211882975,6,21189,211.88297588378103
vdb_random-match-int-2048-angular-no-filters,100000.0,2048.0,133.0558312914499,8.543789863586426,9.41742992401123,0.1165661290287971,10000.0,0.9665960073471068,0.9820473790168762,0.9714471697807312,0.0040531270205974,IVF_PQ,21,219,471,1602,20,4,2,384,394,False,True,92638,2741393535,6544,50,0.0,0,0.03982,0.0043693095445632,202638,43693095,3,4370,43.693095445632004
vdb_random-match-int-2048-angular-no-filters,100000.0,2048.0,133.0558312914499,8.543789863586426,9.41742992401123,0.1165661290287971,10000.0,0.9665960073471068,0.9820473790168762,0.9714471697807312,0.0040531270205974,AUTOINDEX,43,168,454,7799,14,32,7,478,1637,True,False,84956,339050474,6776,20,0.0,0,0.32048,0.0034192781429737,316227,34192781,4,3420,34.192781429737
vdb_random-match-int-2048-angular-no-filters,100000.0,2048.0,133.0558312914499,8.543789863586426,9.41742992401123,0.1165661290287971,10000.0,0.9665960073471068,0.9820473790168762,0.9714471697807312,0.0040531270205974,IVF_FLAT,61,50,483,423,99,8,4,779,822,True,True,19615,8065814110,6458,34,0.0,0,0.9998400000000002,0.0507787471637129,264853,507787471,3,50779,507.78747163712904
vdb_random-match-int-2048-angular-no-filters,100000.0,2048.0,133.0558312914499,8.543789863586426,9.41742992401123,0.1165661290287971,10000.0,0.9665960073471068,0.9820473790168762,0.9714471697807312,0.0040531270205974,SCANN,52,210,174,5047,8,32,1,261,7412,False,True,44001,6900638910,5765,20,0.0,0,0.99873,0.0051049628295004,825,51049628,1,5105,51.049628295004
vdb_random-match-int-2048-angular-no-filters,100000.0,2048.0,133.0558312914499,8.543789863586426,9.41742992401123,0.1165661290287971,10000.0,0.9665960073471068,0.9820473790168762,0.9714471697807312,0.0040531270205974,FLAT,31,396,819,9449,90,128,3,265,4677,False,False,49268,5067046903,6501,67,0.0,0,0.9998400000000002,0.0731057317461818,316227,731057317,4,73106,731.057317461818
vdb_random-match-int-2048-angular-no-filters,100000.0,2048.0,133.0558312914499,8.543789863586426,9.41742992401123,0.1165661290287971,10000.0,0.9665960073471068,0.9820473790168762,0.9714471697807312,0.0040531270205974,FLAT,5,191,980,8910,18,1,3,243,951,False,True,40451,4881030178,308,80,0.0,0,0.9998400000000002,0.0703017379622906,316227,703017379,4,70302,703.017379622906
vdb_random-match-int-2048-angular-no-filters,100000.0,2048.0,133.0558312914499,8.543789863586426,9.41742992401123,0.1165661290287971,10000.0,0.9665960073471068,0.9820473790168762,0.9714471697807312,0.0040531270205974,AUTOINDEX,30,24,890,7224,85,1,5,953,448,False,False,27367,1881991173,7991,31,0.0,0,0.38111,0.003624124219641,316227,36241242,4,3625,36.24124219641
vdb_random-match-int-2048-angular-no-filters,100000.0,2048.0,133.0558312914499,8.543789863586426,9.41742992401123,0.1165661290287971,10000.0,0.9665960073471068,0.9820473790168762,0.9714471697807312,0.0040531270205974,AUTOINDEX,38,60,588,8909,3,2,4,532,9444,False,True,98375,8562901097,8208,6,0.0,0,0.36683,0.0036935304757207,316227,36935304,4,3694,36.935304757207
vdb_random-match-int-2048-angular-no-filters,100000.0,2048.0,133.0558312914499,8.543789863586426,9.41742992401123,0.1165661290287971,10000.0,0.9665960073471068,0.9820473790168762,0.9714471697807312,0.0040531270205974,IVF_PQ,21,380,452,1534,47,8,10,570,7035,True,True,50692,4168549281,2457,38,0.0,0,0.03596,0.0070353488903492,455987,70353488,5,7036,70.353488903492
vdb_random-match-int-2048-angular-no-filters,100000.0,2048.0,133.0558312914499,8.543789863586426,9.41742992401123,0.1165661290287971,10000.0,0.9665960073471068,0.9820473790168762,0.9714471697807312,0.0040531270205974,FLAT,33,472,859,1379,57,2,6,968,6603,True,True,91266,6123890512,8845,33,0.0,0,0.9998400000000002,0.0698893445543944,316227,698893445,4,69890,698.8934455439439
vdb_random-match-int-2048-angular-no-filters,100000.0,2048.0,133.0558312914499,8.543789863586426,9.41742992401123,0.1165661290287971,10000.0,0.9665960073471068,0.9820473790168762,0.9714471697807312,0.0040531270205974,HNSW,27,199,1000,4290,53,2,1,304,9321,True,False,78756,9516837907,8468,73,0.0,0,0.97255,0.0409576770849525,1699091,409576770,17,40958,409.576770849525
vdb_random-match-int-2048-angular-no-filters,100000.0,2048.0,133.0558312914499,8.543789863586426,9.41742992401123,0.1165661290287971,10000.0,0.9665960073471068,0.9820473790168762,0.9714471697807312,0.0040531270205974,IVF_PQ,40,504,290,6923,68,1,6,754,8675,True,True,56494,3938842039,347,82,0.0,0,0.00904,0.0048704967834055,2977372,48704967,30,4871,48.704967834055005
vdb_random-match-int-2048-angular-no-filters,100000.0,2048.0,133.0558312914499,8.543789863586426,9.41742992401123,0.1165661290287971,10000.0,0.9665960073471068,0.9820473790168762,0.9714471697807312,0.0040531270205974,HNSW,56,440,308,6257,25,32,4,486,928,True,False,94294,3996351407,7397,79,0.0,0,0.98845,0.1275390559341758,7791852,1275390559,78,127540,1275.390559341758
vdb_random-match-int-2048-angular-no-filters,100000.0,2048.0,133.0558312914499,8.543789863586426,9.41742992401123,0.1165661290287971,10000.0,0.9665960073471068,0.9820473790168762,0.9714471697807312,0.0040531270205974,AUTOINDEX,57,430,776,6636,36,8,3,588,3633,False,True,47753,4564440849,1359,4,0.0,0,0.36812,0.003595131682232,316227,35951316,4,3596,35.95131682232
vdb_random-match-int-2048-angular-no-filters,100000.0,2048.0,133.0558312914499,8.543789863586426,9.41742992401123,0.1165661290287971,10000.0,0.9665960073471068,0.9820473790168762,0.9714471697807312,0.0040531270205974,IVF_FLAT,31,492,256,5333,48,64,2,756,843,True,True,61909,4965098528,8489,84,0.0,0,0.9998400000000002,0.0590550164226442,1618984,590550164,17,59056,590.550164226442
vdb_random-match-int-2048-angular-no-filters,100000.0,2048.0,133.0558312914499,8.543789863586426,9.41742992401123,0.1165661290287971,10000.0,0.9665960073471068,0.9820473790168762,0.9714471697807312,0.0040531270205974,HNSW,26,315,283,3444,39,128,5,976,2134,False,False,36615,1102314614,2873,85,0.0,0,0.89518,0.0258947113528847,2589905,258947113,26,25895,258.947113528847
vdb_random-match-int-2048-angular-no-filters,100000.0,2048.0,133.0558312914499,8.543789863586426,9.41742992401123,0.1165661290287971,10000.0,0.9665960073471068,0.9820473790168762,0.9714471697807312,0.0040531270205974,FLAT,27,179,274,536,67,128,2,698,6568,True,False,87593,289752740,2467,46,0.0,0,0.9998400000000002,0.06916154907085,316227,691615490,4,69162,691.6154907084999
vdb_random-match-int-2048-angular-no-filters,100000.0,2048.0,133.0558312914499,8.543789863586426,9.41742992401123,0.1165661290287971,10000.0,0.9665960073471068,0.9820473790168762,0.9714471697807312,0.0040531270205974,HNSW,46,34,568,1154,34,4,5,911,904,False,True,70233,4692180479,379,76,0.0,0,0.92677,0.0407921513076871,494580,407921513,5,40793,407.92151307687095
vdb_random-match-int-2048-angular-no-filters,100000.0,2048.0,133.0558312914499,8.543789863586426,9.41742992401123,0.1165661290287971,10000.0,0.9665960073471068,0.9820473790168762,0.9714471697807312,0.0040531270205974,AUTOINDEX,41,480,409,8500,36,64,7,329,5472,True,True,53469,8715103131,8099,19,0.0,0,0.38159,0.0038066592533141,316227,38066592,4,3807,38.066592533141005
vdb_random-match-int-2048-angular-no-filters,100000.0,2048.0,133.0558312914499,8.543789863586426,9.41742992401123,0.1165661290287971,10000.0,0.9665960073471068,0.9820473790168762,0.9714471697807312,0.0040531270205974,HNSW,10,433,323,865,86,1,2,746,5343,False,False,51981,5702867848,9151,98,0.0,0,0.8231,0.0138248818460851,1369266,138248818,14,13825,138.248818460851
vdb_random-match-int-2048-angular-no-filters,100000.0,2048.0,133.0558312914499,8.543789863586426,9.41742992401123,0.1165661290287971,10000.0,0.9665960073471068,0.9820473790168762,0.9714471697807312,0.0040531270205974,AUTOINDEX,60,54,426,7564,67,128,3,215,8752,False,False,46087,7947623622,765,19,0.0,0,0.36358,0.0037374197505414,316227,37374197,4,3738,37.374197505414
vdb_random-match-int-2048-angular-no-filters,100000.0,2048.0,133.0558312914499,8.543789863586426,9.41742992401123,0.1165661290287971,10000.0,0.9665960073471068,0.9820473790168762,0.9714471697807312,0.0040531270205974,HNSW,7,43,722,2878,23,32,6,971,7458,True,False,59311,9725920608,1821,88,0.0,0,0.60232,0.0079103703610598,95184,79103703,1,7911,79.103703610598
vdb_random-match-int-2048-angular-no-filters,100000.0,2048.0,133.0558312914499,8.543789863586426,9.41742992401123,0.1165661290287971,10000.0,0.9665960073471068,0.9820473790168762,0.9714471697807312,0.0040531270205974,FLAT,40,400,885,142,13,32,1,624,138,True,False,36300,406568035,3412,52,0.0,0,0.9998400000000002,0.0728945847135037,316227,728945847,4,72895,728.945847135037
vdb_random-match-int-2048-angular-no-filters,100000.0,2048.0,133.0558312914499,8.543789863586426,9.41742992401123,0.1165661290287971,10000.0,0.9665960073471068,0.9820473790168762,0.9714471697807312,0.0040531270205974,HNSW,48,267,756,9778,95,16,9,931,2856,False,False,17159,5386775538,2653,71,0.0,0,0.9929,0.0515041732229292,4052775,515041732,41,51505,515.041732229292
vdb_random-match-int-2048-angular-no-filters,100000.0,2048.0,133.0558312914499,8.543789863586426,9.41742992401123,0.1165661290287971,10000.0,0.9665960073471068,0.9820473790168762,0.9714471697807312,0.0040531270205974,HNSW,49,397,342,5146,10,128,7,781,6368,False,True,26118,3218981737,529,69,0.0,0,0.98567,0.1134004709310828,6151578,1134004709,62,113401,1134.004709310828
vdb_random-match-int-2048-angular-no-filters,100000.0,2048.0,133.0558312914499,8.543789863586426,9.41742992401123,0.1165661290287971,10000.0,0.9665960073471068,0.9820473790168762,0.9714471697807312,0.0040531270205974,HNSW,58,104,491,7509,67,4,4,210,8104,False,True,35953,3756155581,9584,31,0.0,0,0.99802,0.0906771631911396,1907485,906771631,20,90678,906.771631911396
vdb_random-match-int-2048-angular-no-filters,100000.0,2048.0,133.0558312914499,8.543789863586426,9.41742992401123,0.1165661290287971,10000.0,0.9665960073471068,0.9820473790168762,0.9714471697807312,0.0040531270205974,AUTOINDEX,15,508,410,961,60,32,9,542,6095,False,False,52669,1281588835,5265,69,0.0,0,0.35144,0.0035141536034643,316227,35141536,4,3515,35.141536034643
vdb_random-match-int-2048-angular-no-filters,100000.0,2048.0,133.0558312914499,8.543789863586426,9.41742992401123,0.1165661290287971,10000.0,0.9665960073471068,0.9820473790168762,0.9714471697807312,0.0040531270205974,AUTOINDEX,13,342,574,5347,32,4,6,161,2702,True,True,92815,779908324,9374,1,0.0,0,0.37094,0.0037240787409245,316227,37240787,4,3725,37.240787409245
vdb_random-match-int-2048-angular-no-filters,100000.0,2048.0,133.0558312914499,8.543789863586426,9.41742992401123,0.1165661290287971,10000.0,0.9665960073471068,0.9820473790168762,0.9714471697807312,0.0040531270205974,IVF_PQ,22,383,198,6604,66,16,7,630,3009,False,True,83991,5430812520,4798,6,0.0,0,0.03497,0.0075442870147526,2756645,75442870,28,7545,75.44287014752601
vdb_random-match-int-2048-angular-no-filters,100000.0,2048.0,133.0558312914499,8.543789863586426,9.41742992401123,0.1165661290287971,10000.0,0.9665960073471068,0.9820473790168762,0.9714471697807312,0.0040531270205974,IVF_PQ,48,413,524,2843,10,4,9,696,8673,False,True,77820,8808345242,2142,46,0.0,0,0.03362,0.0050142425578087,179807,50142425,2,5015,50.142425578087
vdb_random-match-int-2048-angular-no-filters,100000.0,2048.0,133.0558312914499,8.543789863586426,9.41742992401123,0.1165661290287971,10000.0,0.9665960073471068,0.9820473790168762,0.9714471697807312,0.0040531270205974,FLAT,34,222,789,8159,96,128,8,616,674,False,True,61939,7504153861,5514,21,0.0,0,0.9998400000000002,0.0729636660311371,316227,729636660,4,72964,729.6366603113711
vdb_random-match-int-2048-angular-no-filters,100000.0,2048.0,133.0558312914499,8.543789863586426,9.41742992401123,0.1165661290287971,10000.0,0.9665960073471068,0.9820473790168762,0.9714471697807312,0.0040531270205974,AUTOINDEX,22,379,768,4310,29,1,2,560,1476,False,False,40672,7917463563,9855,54,0.0,0,0.35706,0.0036494160536676,316227,36494160,4,3650,36.494160536676
vdb_random-match-int-2048-angular-no-filters,100000.0,2048.0,133.0558312914499,8.543789863586426,9.41742992401123,0.1165661290287971,10000.0,0.9665960073471068,0.9820473790168762,0.9714471697807312,0.0040531270205974,IVF_PQ,12,36,402,803,55,8,4,704,4755,False,False,47743,6011103835,2838,5,0.0,0,0.0662099999999999,0.0051349943969398,279323,51349943,3,5135,51.349943969398
vdb_random-match-int-2048-angular-no-filters,100000.0,2048.0,133.0558312914499,8.543789863586426,9.41742992401123,0.1165661290287971,10000.0,0.9665960073471068,0.9820473790168762,0.9714471697807312,0.0040531270205974,AUTOINDEX,35,73,974,9951,50,32,10,110,4022,False,True,6320,8602688780,1647,53,0.0,0,0.40126,0.0038859460968524,316227,38859460,4,3886,38.859460968524004
vdb_random-match-int-2048-angular-no-filters,100000.0,2048.0,133.0558312914499,8.543789863586426,9.41742992401123,0.1165661290287971,10000.0,0.9665960073471068,0.9820473790168762,0.9714471697807312,0.0040531270205974,IVF_FLAT,51,183,435,400,2,64,8,519,7789,True,True,42019,6886808986,9034,61,0.0,0,0.2336,0.0058692209888249,5059,58692209,1,5870,58.692209888249
vdb_random-match-int-2048-angular-no-filters,100000.0,2048.0,133.0558312914499,8.543789863586426,9.41742992401123,0.1165661290287971,10000.0,0.9665960073471068,0.9820473790168762,0.9714471697807312,0.0040531270205974,IVF_PQ,32,399,191,9198,72,16,9,147,5192,True,False,87089,7769010978,5825,4,0.0,0,0.09369,0.0079293411690741,4188474,79293411,42,7930,79.293411690741
vdb_random-match-int-2048-angular-no-filters,100000.0,2048.0,133.0558312914499,8.543789863586426,9.41742992401123,0.1165661290287971,10000.0,0.9665960073471068,0.9820473790168762,0.9714471697807312,0.0040531270205974,IVF_PQ,54,248,833,6226,43,128,2,317,2341,False,True,32642,8037052457,7498,37,0.0,0,0.1030299999999999,0.0125848542898893,1693197,125848542,17,12585,125.848542898893
vdb_random-match-int-2048-angular-no-filters,100000.0,2048.0,133.0558312914499,8.543789863586426,9.41742992401123,0.1165661290287971,10000.0,0.9665960073471068,0.9820473790168762,0.9714471697807312,0.0040531270205974,AUTOINDEX,28,415,870,190,37,1,4,113,6170,True,False,21662,7717467674,6029,74,0.0,0,0.38452,0.0036994811613112,316227,36994811,4,3700,36.994811613112
vdb_random-match-int-2048-angular-no-filters,100000.0,2048.0,133.0558312914499,8.543789863586426,9.41742992401123,0.1165661290287971,10000.0,0.9665960073471068,0.9820473790168762,0.9714471697807312,0.0040531270205974,IVF_SQ8,43,451,983,7106,34,128,8,937,3267,False,False,48625,3331535881,9899,14,0.0,0,0.98173,0.0178894024342298,1528037,178894024,16,17890,178.894024342298
vdb_random-match-int-2048-angular-no-filters,100000.0,2048.0,133.0558312914499,8.543789863586426,9.41742992401123,0.1165661290287971,10000.0,0.9665960073471068,0.9820473790168762,0.9714471697807312,0.0040531270205974,HNSW,55,115,806,1422,95,8,4,414,405,True,True,1821,3944823990,5332,23,0.0,0,0.98504,0.0479603881947695,2000140,479603881,21,47961,479.603881947695
vdb_random-match-int-2048-angular-no-filters,100000.0,2048.0,133.0558312914499,8.543789863586426,9.41742992401123,0.1165661290287971,10000.0,0.9665960073471068,0.9820473790168762,0.9714471697807312,0.0040531270205974,IVF_FLAT,44,185,649,9211,55,1,4,857,2068,False,True,97591,8950831621,2225,13,0.0,0,0.9998400000000002,0.0584247665014118,3204051,584247665,33,58425,584.247665014118
vdb_random-match-int-2048-angular-no-filters,100000.0,2048.0,133.0558312914499,8.543789863586426,9.41742992401123,0.1165661290287971,10000.0,0.9665960073471068,0.9820473790168762,0.9714471697807312,0.0040531270205974,IVF_FLAT,37,430,120,401,80,4,3,186,3902,True,True,71394,5232055906,5163,20,0.0,0,0.99631,0.0592086923774331,202891,592086923,3,59209,592.086923774331
vdb_random-match-int-2048-angular-no-filters,100000.0,2048.0,133.0558312914499,8.543789863586426,9.41742992401123,0.1165661290287971,10000.0,0.9665960073471068,0.9820473790168762,0.9714471697807312,0.0040531270205974,SCANN,62,481,676,5804,53,8,3,880,3778,False,False,39098,5926071133,7268,70,0.0,0,0.99982,0.0076022947672754,2782,76022947,1,7603,76.022947672754
vdb_random-match-int-2048-angular-no-filters,100000.0,2048.0,133.0558312914499,8.543789863586426,9.41742992401123,0.1165661290287971,10000.0,0.9665960073471068,0.9820473790168762,0.9714471697807312,0.0040531270205974,IVF_FLAT,34,270,356,2706,52,16,3,142,7517,False,True,39771,5712504243,506,2,0.0,0,0.9998400000000002,0.058643133752048,889940,586431337,9,58644,586.43133752048
vdb_random-match-int-2048-angular-no-filters,100000.0,2048.0,133.0558312914499,8.543789863586426,9.41742992401123,0.1165661290287971,10000.0,0.9665960073471068,0.9820473790168762,0.9714471697807312,0.0040531270205974,IVF_FLAT,11,406,563,4883,10,8,6,541,6823,True,False,24242,1545919279,1323,74,0.0,0,0.9483,0.0539691239129751,308828,539691239,4,53970,539.691239129751
vdb_random-match-int-2048-angular-no-filters,100000.0,2048.0,133.0558312914499,8.543789863586426,9.41742992401123,0.1165661290287971,10000.0,0.9665960073471068,0.9820473790168762,0.9714471697807312,0.0040531270205974,HNSW,6,246,551,3170,48,8,9,211,2048,False,False,44828,1878614267,8661,89,0.0,0,0.7066100000000001,0.0119747402612119,466752,119747402,5,11975,119.747402612119
vdb_random-match-int-2048-angular-no-filters,100000.0,2048.0,133.0558312914499,8.543789863586426,9.41742992401123,0.1165661290287971,10000.0,0.9665960073471068,0.9820473790168762,0.9714471697807312,0.0040531270205974,IVF_SQ8,54,497,609,9850,12,128,5,249,2585,True,True,62335,2886000097,1091,40,0.0,0,0.9812,0.0171390427276492,747562,171390427,8,17140,171.390427276492
vdb_random-match-int-2048-angular-no-filters,100000.0,2048.0,133.0558312914499,8.543789863586426,9.41742992401123,0.1165661290287971,10000.0,0.9665960073471068,0.9820473790168762,0.9714471697807312,0.0040531270205974,IVF_SQ8,41,286,909,7455,37,128,6,730,2863,True,True,22280,682551016,2785,75,0.0,0,0.98175,0.0158889707177877,1744533,158889707,18,15889,158.889707177877
vdb_random-match-int-2048-angular-no-filters,100000.0,2048.0,133.0558312914499,8.543789863586426,9.41742992401123,0.1165661290287971,10000.0,0.9665960073471068,0.9820473790168762,0.9714471697807312,0.0040531270205974,IVF_PQ,15,190,311,998,57,32,7,499,8814,False,True,21478,8926638808,5735,31,0.0,0,0.1027299999999999,0.0079882401041686,359778,79882401,4,7989,79.882401041686
vdb_random-match-int-2048-angular-no-filters,100000.0,2048.0,133.0558312914499,8.543789863586426,9.41742992401123,0.1165661290287971,10000.0,0.9665960073471068,0.9820473790168762,0.9714471697807312,0.0040531270205974,AUTOINDEX,33,486,475,1311,76,1,9,717,4437,False,True,43443,8822092738,6067,63,0.0,0,0.34912,0.0036155586130917,316227,36155586,4,3616,36.155586130917
vdb_random-match-int-2048-angular-no-filters,100000.0,2048.0,133.0558312914499,8.543789863586426,9.41742992401123,0.1165661290287971,10000.0,0.9665960073471068,0.9820473790168762,0.9714471697807312,0.0040531270205974,FLAT,8,216,735,2497,3,2,8,799,209,True,False,55635,2242722343,7664,46,0.0,0,0.9998400000000002,0.0683030495420098,316227,683030495,4,68304,683.0304954200981
vdb_random-match-int-2048-angular-no-filters,100000.0,2048.0,133.0558312914499,8.543789863586426,9.41742992401123,0.1165661290287971,10000.0,0.9665960073471068,0.9820473790168762,0.9714471697807312,0.0040531270205974,FLAT,18,227,324,9367,91,1,4,861,6037,False,False,99152,2841070406,6227,69,0.0,0,0.9998400000000002,0.0699889100156724,316227,699889100,4,69989,699.889100156724
vdb_random-match-int-2048-angular-no-filters,100000.0,2048.0,133.0558312914499,8.543789863586426,9.41742992401123,0.1165661290287971,10000.0,0.9665960073471068,0.9820473790168762,0.9714471697807312,0.0040531270205974,HNSW,20,494,459,5110,17,8,8,419,4895,True,False,63222,8291392161,587,61,0.0,0,0.91041,0.028471845248714,3124330,284718452,32,28472,284.71845248714
vdb_random-match-int-2048-angular-no-filters,100000.0,2048.0,133.0558312914499,8.543789863586426,9.41742992401123,0.1165661290287971,10000.0,0.9665960073471068,0.9820473790168762,0.9714471697807312,0.0040531270205974,IVF_FLAT,21,234,665,6148,83,2,2,109,8977,True,True,34990,6488811248,6871,63,0.0,0,0.9998400000000002,0.05440254942514,3227319,544025494,33,54403,544.0254942514
vdb_random-match-int-2048-angular-no-filters,100000.0,2048.0,133.0558312914499,8.543789863586426,9.41742992401123,0.1165661290287971,10000.0,0.9665960073471068,0.9820473790168762,0.9714471697807312,0.0040531270205974,IVF_SQ8,55,132,739,8729,44,16,5,721,7991,True,False,23954,5453439716,3156,47,0.0,0,0.98116,0.0201105597894638,2429109,201105597,25,20111,201.105597894638
vdb_random-match-int-2048-angular-no-filters,100000.0,2048.0,133.0558312914499,8.543789863586426,9.41742992401123,0.1165661290287971,10000.0,0.9665960073471068,0.9820473790168762,0.9714471697807312,0.0040531270205974,IVF_SQ8,14,9,923,321,82,128,6,431,7838,False,True,71472,4156146890,7116,82,0.0,0,0.97991,0.0181052466388791,166474,181052466,2,18106,181.052466388791
vdb_random-match-int-2048-angular-no-filters,100000.0,2048.0,133.0558312914499,8.543789863586426,9.41742992401123,0.1165661290287971,10000.0,0.9665960073471068,0.9820473790168762,0.9714471697807312,0.0040531270205974,IVF_FLAT,9,432,320,7840,41,128,3,797,467,True,False,9597,2579405875,6998,31,0.0,0,0.9998400000000002,0.0551554791629314,2032965,551554791,21,55156,551.554791629314
vdb_random-match-int-2048-angular-no-filters,100000.0,2048.0,133.0558312914499,8.543789863586426,9.41742992401123,0.1165661290287971,10000.0,0.9665960073471068,0.9820473790168762,0.9714471697807312,0.0040531270205974,HNSW,64,465,386,8938,68,2,4,346,810,True,False,10953,7927352135,3074,71,0.0,0,0.99789,0.1317029634490609,9410938,1317029634,95,131703,1317.0296344906092
vdb_random-match-int-2048-angular-no-filters,100000.0,2048.0,133.0558312914499,8.543789863586426,9.41742992401123,0.1165661290287971,10000.0,0.9665960073471068,0.9820473790168762,0.9714471697807312,0.0040531270205974,HNSW,23,119,882,7349,19,64,5,226,3151,False,True,92103,1035988247,1107,19,0.0,0,0.93516,0.0328530292958021,865515,328530292,9,32854,328.530292958021
vdb_random-match-int-2048-angular-no-filters,100000.0,2048.0,133.0558312914499,8.543789863586426,9.41742992401123,0.1165661290287971,10000.0,0.9665960073471068,0.9820473790168762,0.9714471697807312,0.0040531270205974,IVF_SQ8,28,128,807,4976,5,8,8,488,5203,True,False,98182,5628967602,4180,76,0.0,0,0.92985,0.0150153391063213,157354,150153391,2,15016,150.153391063213
vdb_random-match-int-2048-angular-no-filters,100000.0,2048.0,133.0558312914499,8.543789863586426,9.41742992401123,0.1165661290287971,10000.0,0.9665960073471068,0.9820473790168762,0.9714471697807312,0.0040531270205974,FLAT,13,134,816,7001,91,1,8,681,876,False,True,63481,1846793660,6056,72,0.0,0,0.9998400000000002,0.070494659198448,316227,704946591,4,70495,704.9465919844799
vdb_random-match-int-2048-angular-no-filters,100000.0,2048.0,133.0558312914499,8.543789863586426,9.41742992401123,0.1165661290287971,10000.0,0.9665960073471068,0.9820473790168762,0.9714471697807312,0.0040531270205974,IVF_FLAT,17,368,401,3209,9,4,4,933,5447,True,True,39355,7870545014,6195,90,0.0,0,0.8745699999999998,0.0470486912410706,182659,470486912,2,47049,470.486912410706
vdb_random-match-int-2048-angular-no-filters,100000.0,2048.0,133.0558312914499,8.543789863586426,9.41742992401123,0.1165661290287971,10000.0,0.9665960073471068,0.9820473790168762,0.9714471697807312,0.0040531270205974,SCANN,49,153,253,5075,63,64,4,782,6748,True,True,93374,2901213074,5076,72,0.0,0,0.99981,0.0068158322013914,2472,68158322,1,6816,68.158322013914
vdb_random-match-int-2048-angular-no-filters,100000.0,2048.0,133.0558312914499,8.543789863586426,9.41742992401123,0.1165661290287971,10000.0,0.9665960073471068,0.9820473790168762,0.9714471697807312,0.0040531270205974,IVF_FLAT,33,221,365,3545,37,32,3,626,1708,True,False,39251,2831891088,660,94,0.0,0,0.9998400000000002,0.0586466186679899,829560,586466186,9,58647,586.466186679899
vdb_random-match-int-2048-angular-no-filters,100000.0,2048.0,133.0558312914499,8.543789863586426,9.41742992401123,0.1165661290287971,10000.0,0.9665960073471068,0.9820473790168762,0.9714471697807312,0.0040531270205974,HNSW,20,248,182,9056,50,8,6,334,7403,True,False,73175,3485363894,7746,65,0.0,0,0.76253,0.016338803526014,1568489,163388035,16,16339,163.38803526014
vdb_random-match-int-2048-angular-no-filters,100000.0,2048.0,133.0558312914499,8.543789863586426,9.41742992401123,0.1165661290287971,10000.0,0.9665960073471068,0.9820473790168762,0.9714471697807312,0.0040531270205974,IVF_SQ8,19,471,224,7116,15,2,3,762,1740,True,False,67592,4571910847,2427,42,0.0,0,0.98095,0.0177937067579478,675083,177937067,7,17794,177.93706757947803
vdb_random-match-int-2048-angular-no-filters,100000.0,2048.0,133.0558312914499,8.543789863586426,9.41742992401123,0.1165661290287971,10000.0,0.9665960073471068,0.9820473790168762,0.9714471697807312,0.0040531270205974,FLAT,55,8,939,9236,73,8,7,637,7267,False,True,95414,9739548879,9001,79,0.0,0,0.9998400000000002,0.07062667934224,316227,706266793,4,70627,706.2667934223999
vdb_random-match-int-2048-angular-no-filters,100000.0,2048.0,133.0558312914499,8.543789863586426,9.41742992401123,0.1165661290287971,10000.0,0.9665960073471068,0.9820473790168762,0.9714471697807312,0.0040531270205974,FLAT,5,322,681,6095,25,2,7,489,7138,True,True,42838,4427140084,3338,74,0.0,0,0.9998400000000002,0.0697681485209614,316227,697681485,4,69769,697.681485209614
vdb_random-match-int-2048-angular-no-filters,100000.0,2048.0,133.0558312914499,8.543789863586426,9.41742992401123,0.1165661290287971,10000.0,0.9665960073471068,0.9820473790168762,0.9714471697807312,0.0040531270205974,SCANN,6,319,403,503,15,4,7,597,1481,False,False,61068,7845170832,3392,96,0.0,0,0.9674900000000002,0.0056830421555787,1887,56830421,1,5684,56.830421555787005
vdb_random-match-int-2048-angular-no-filters,100000.0,2048.0,133.0558312914499,8.543789863586426,9.41742992401123,0.1165661290287971,10000.0,0.9665960073471068,0.9820473790168762,0.9714471697807312,0.0040531270205974,AUTOINDEX,63,508,635,13,80,8,7,796,6662,True,True,1477,4764842967,7248,14,0.0,0,0.35488,0.0036387347616255,316227,36387347,4,3639,36.387347616255
vdb_random-match-int-2048-angular-no-filters,100000.0,2048.0,133.0558312914499,8.543789863586426,9.41742992401123,0.1165661290287971,10000.0,0.9665960073471068,0.9820473790168762,0.9714471697807312,0.0040531270205974,FLAT,13,353,842,7588,60,32,2,216,1969,True,False,55658,9760511593,5749,10,0.0,0,0.9998400000000002,0.0702290300279855,316227,702290300,4,70230,702.290300279855
vdb_random-match-int-2048-angular-no-filters,100000.0,2048.0,133.0558312914499,8.543789863586426,9.41742992401123,0.1165661290287971,10000.0,0.9665960073471068,0.9820473790168762,0.9714471697807312,0.0040531270205974,AUTOINDEX,9,438,991,9662,74,1,6,432,7093,True,False,66961,5368311733,8229,95,0.0,0,0.36956,0.0035838770680129,316227,35838770,4,3584,35.838770680129
vdb_random-match-int-2048-angular-no-filters,100000.0,2048.0,133.0558312914499,8.543789863586426,9.41742992401123,0.1165661290287971,10000.0,0.9665960073471068,0.9820473790168762,0.9714471697807312,0.0040531270205974,IVF_PQ,15,485,637,5436,67,8,9,569,4139,False,False,42893,609492604,783,21,0.0,0,0.03564,0.006810390157625,2303478,68103901,24,6811,68.10390157625
vdb_random-match-int-2048-angular-no-filters,100000.0,2048.0,133.0558312914499,8.543789863586426,9.41742992401123,0.1165661290287971,10000.0,0.9665960073471068,0.9820473790168762,0.9714471697807312,0.0040531270205974,SCANN,29,271,225,2314,65,8,1,488,3588,True,False,31102,3310394799,5135,26,0.0,0,0.9998,0.0058165507391095,1543,58165507,1,5817,58.165507391095005
vdb_random-match-int-2048-angular-no-filters,100000.0,2048.0,133.0558312914499,8.543789863586426,9.41742992401123,0.1165661290287971,10000.0,0.9665960073471068,0.9820473790168762,0.9714471697807312,0.0040531270205974,FLAT,28,335,127,7768,97,128,8,111,1300,True,True,54035,3180440215,9048,68,0.0,0,0.9998400000000002,0.0727159635629504,316227,727159635,4,72716,727.159635629504
vdb_random-match-int-2048-angular-no-filters,100000.0,2048.0,133.0558312914499,8.543789863586426,9.41742992401123,0.1165661290287971,10000.0,0.9665960073471068,0.9820473790168762,0.9714471697807312,0.0040531270205974,FLAT,29,193,972,4004,44,8,10,529,8047,True,False,61484,8322949886,6386,60,0.0,0,0.9998400000000002,0.0702555939555168,316227,702555939,4,70256,702.5559395551679
vdb_random-match-int-2048-angular-no-filters,100000.0,2048.0,133.0558312914499,8.543789863586426,9.41742992401123,0.1165661290287971,10000.0,0.9665960073471068,0.9820473790168762,0.9714471697807312,0.0040531270205974,SCANN,5,219,622,9342,62,2,2,190,6709,True,False,20049,4357272521,7682,65,0.0,0,0.99783,0.0050577638670802,600,50577638,1,5058,50.577638670802
vdb_random-match-int-2048-angular-no-filters,100000.0,2048.0,133.0558312914499,8.543789863586426,9.41742992401123,0.1165661290287971,10000.0,0.9665960073471068,0.9820473790168762,0.9714471697807312,0.0040531270205974,HNSW,24,245,647,1712,41,8,4,747,559,True,False,16604,575391629,2257,68,0.0,0,0.94984,0.0359990928787738,1859419,359990928,19,36000,359.990928787738
vdb_random-match-int-2048-angular-no-filters,100000.0,2048.0,133.0558312914499,8.543789863586426,9.41742992401123,0.1165661290287971,10000.0,0.9665960073471068,0.9820473790168762,0.9714471697807312,0.0040531270205974,IVF_FLAT,50,176,490,7975,22,64,8,571,7942,False,False,25086,5826856938,9244,2,0.0,0,0.9998400000000002,0.0642679953482001,1109643,642679953,12,64268,642.679953482001
vdb_random-match-int-2048-angular-no-filters,100000.0,2048.0,133.0558312914499,8.543789863586426,9.41742992401123,0.1165661290287971,10000.0,0.9665960073471068,0.9820473790168762,0.9714471697807312,0.0040531270205974,HNSW,43,402,738,9107,39,64,2,454,3581,False,True,13867,3458246032,7279,27,0.0,0,0.99148,0.0751856391783803,5466313,751856391,55,75186,751.8563917838029
vdb_random-match-int-2048-angular-no-filters,100000.0,2048.0,133.0558312914499,8.543789863586426,9.41742992401123,0.1165661290287971,10000.0,0.9665960073471068,0.9820473790168762,0.9714471697807312,0.0040531270205974,FLAT,35,106,105,3618,19,64,1,649,1462,False,True,62860,2626217557,2299,65,0.0,0,0.9998400000000002,0.0699995496775954,316227,699995496,4,70000,699.995496775954
vdb_random-match-int-2048-angular-no-filters,100000.0,2048.0,133.0558312914499,8.543789863586426,9.41742992401123,0.1165661290287971,10000.0,0.9665960073471068,0.9820473790168762,0.9714471697807312,0.0040531270205974,IVF_FLAT,57,85,645,2569,52,8,2,200,3805,False,False,44136,9105899602,5174,95,0.0,0,0.9998400000000002,0.0609958874527364,844884,609958874,9,60996,609.9588745273641
vdb_random-match-int-2048-angular-no-filters,100000.0,2048.0,133.0558312914499,8.543789863586426,9.41742992401123,0.1165661290287971,10000.0,0.9665960073471068,0.9820473790168762,0.9714471697807312,0.0040531270205974,IVF_FLAT,33,427,394,197,83,1,2,602,9504,True,False,88493,9685361750,998,77,0.0,0,0.99325,0.0613172012846916,103412,613172012,2,61318,613.172012846916
vdb_random-match-int-2048-angular-no-filters,100000.0,2048.0,133.0558312914499,8.543789863586426,9.41742992401123,0.1165661290287971,10000.0,0.9665960073471068,0.9820473790168762,0.9714471697807312,0.0040531270205974,HNSW,23,49,650,9518,20,32,2,574,2616,False,False,57227,6693607827,1270,67,0.0,0,0.8574200000000001,0.0260013998951762,356388,260013998,4,26002,260.013998951762
vdb_random-match-int-2048-angular-no-filters,100000.0,2048.0,133.0558312914499,8.543789863586426,9.41742992401123,0.1165661290287971,10000.0,0.9665960073471068,0.9820473790168762,0.9714471697807312,0.0040531270205974,IVF_FLAT,6,445,787,1600,22,8,9,235,9246,False,False,16111,955588677,8289,9,0.0,0,0.90753,0.0462155663408338,222624,462155663,3,46216,462.155663408338
vdb_random-match-int-2048-angular-no-filters,100000.0,2048.0,133.0558312914499,8.543789863586426,9.41742992401123,0.1165661290287971,10000.0,0.9665960073471068,0.9820473790168762,0.9714471697807312,0.0040531270205974,HNSW,40,300,665,6269,8,4,9,381,9372,False,False,18956,6102635158,7786,85,0.0,0,0.98716,0.0507407937198877,3794733,507407937,38,50741,507.407937198877
vdb_random-match-int-2048-angular-no-filters,100000.0,2048.0,133.0558312914499,8.543789863586426,9.41742992401123,0.1165661290287971,10000.0,0.9665960073471068,0.9820473790168762,0.9714471697807312,0.0040531270205974,FLAT,32,457,502,6431,96,64,8,840,5565,False,False,26786,257160461,7458,76,0.0,0,0.9998400000000002,0.0695442992728203,316227,695442992,4,69545,695.442992728203
vdb_random-match-int-2048-angular-no-filters,100000.0,2048.0,133.0558312914499,8.543789863586426,9.41742992401123,0.1165661290287971,10000.0,0.9665960073471068,0.9820473790168762,0.9714471697807312,0.0040531270205974,FLAT,31,209,422,8777,96,2,4,653,5998,True,True,72778,4479448452,6304,28,0.0,0,0.9998400000000002,0.0713898210320621,316227,713898210,4,71390,713.8982103206209
vdb_random-match-int-2048-angular-no-filters,100000.0,2048.0,133.0558312914499,8.543789863586426,9.41742992401123,0.1165661290287971,10000.0,0.9665960073471068,0.9820473790168762,0.9714471697807312,0.0040531270205974,HNSW,45,381,972,4293,56,4,6,169,4622,False,False,67708,737693463,8040,68,0.0,0,0.99727,0.1000365387182682,5421725,1000365387,55,100037,1000.3653871826821
vdb_random-match-int-2048-angular-no-filters,100000.0,2048.0,133.0558312914499,8.543789863586426,9.41742992401123,0.1165661290287971,10000.0,0.9665960073471068,0.9820473790168762,0.9714471697807312,0.0040531270205974,IVF_SQ8,63,466,403,6946,20,2,9,555,1211,True,True,87498,5240277013,4209,52,0.0,0,0.98138,0.0173944094218313,878607,173944094,9,17395,173.94409421831298
vdb_random-match-int-2048-angular-no-filters,100000.0,2048.0,133.0558312914499,8.543789863586426,9.41742992401123,0.1165661290287971,10000.0,0.9665960073471068,0.9820473790168762,0.9714471697807312,0.0040531270205974,IVF_FLAT,44,29,815,8429,47,1,8,364,5062,True,True,84053,7111178538,1450,28,0.0,0,0.9998400000000002,0.0567912796977907,2505554,567912796,26,56792,567.912796977907
vdb_random-match-int-2048-angular-no-filters,100000.0,2048.0,133.0558312914499,8.543789863586426,9.41742992401123,0.1165661290287971,10000.0,0.9665960073471068,0.9820473790168762,0.9714471697807312,0.0040531270205974,IVF_PQ,22,171,195,3479,94,128,7,530,6695,True,False,85029,6969222856,8428,75,0.0,0,0.08746,0.0166600952390581,2068294,166600952,21,16661,166.600952390581
vdb_random-match-int-2048-angular-no-filters,100000.0,2048.0,133.0558312914499,8.543789863586426,9.41742992401123,0.1165661290287971,10000.0,0.9665960073471068,0.9820473790168762,0.9714471697807312,0.0040531270205974,SCANN,42,149,378,9794,71,32,3,584,1411,False,False,12220,6613174457,6930,30,0.0,0,0.99982,0.0061220179311931,1846,61220179,1,6123,61.220179311931
vdb_random-match-int-2048-angular-no-filters,100000.0,2048.0,133.0558312914499,8.543789863586426,9.41742992401123,0.1165661290287971,10000.0,0.9665960073471068,0.9820473790168762,0.9714471697807312,0.0040531270205974,SCANN,38,244,801,2443,75,16,7,276,7590,True,True,16291,3725082502,6906,47,0.0,0,0.99915,0.0047805322799831,872,47805322,1,4781,47.805322799830996
vdb_random-match-int-2048-angular-no-filters,100000.0,2048.0,133.0558312914499,8.543789863586426,9.41742992401123,0.1165661290287971,10000.0,0.9665960073471068,0.9820473790168762,0.9714471697807312,0.0040531270205974,SCANN,33,24,373,7081,54,64,4,546,7286,False,True,9291,1225681421,6587,88,0.0,0,0.9998,0.006190433120355,1726,61904331,1,6191,61.90433120355
vdb_random-match-int-2048-angular-no-filters,100000.0,2048.0,133.0558312914499,8.543789863586426,9.41742992401123,0.1165661290287971,10000.0,0.9665960073471068,0.9820473790168762,0.9714471697807312,0.0040531270205974,SCANN,59,469,214,8079,35,128,10,444,8894,True,True,49401,502440018,9695,47,0.0,0,0.99977,0.0055423988960683,1404,55423988,1,5543,55.423988960683
vdb_random-match-int-2048-angular-no-filters,100000.0,2048.0,133.0558312914499,8.543789863586426,9.41742992401123,0.1165661290287971,10000.0,0.9665960073471068,0.9820473790168762,0.9714471697807312,0.0040531270205974,FLAT,6,153,930,8394,93,2,1,528,5408,True,False,6541,9471671682,2671,46,0.0,0,0.9998400000000002,0.0724090254865586,316227,724090254,4,72410,724.090254865586
vdb_random-match-int-2048-angular-no-filters,100000.0,2048.0,133.0558312914499,8.543789863586426,9.41742992401123,0.1165661290287971,10000.0,0.9665960073471068,0.9820473790168762,0.9714471697807312,0.0040531270205974,SCANN,33,333,376,2298,71,128,7,617,3509,True,False,76790,5316693698,1148,42,0.0,0,0.99974,0.0063927200157195,1951,63927200,1,6393,63.927200157194996
vdb_random-match-int-2048-angular-no-filters,100000.0,2048.0,133.0558312914499,8.543789863586426,9.41742992401123,0.1165661290287971,10000.0,0.9665960073471068,0.9820473790168762,0.9714471697807312,0.0040531270205974,SCANN,14,36,171,4685,79,16,6,153,6582,False,False,2040,8839782881,5002,96,0.0,0,0.9958,0.0046440130099654,483,46440130,1,4645,46.440130099654
vdb_random-match-int-2048-angular-no-filters,100000.0,2048.0,133.0558312914499,8.543789863586426,9.41742992401123,0.1165661290287971,10000.0,0.9665960073471068,0.9820473790168762,0.9714471697807312,0.0040531270205974,HNSW,12,485,439,7852,32,32,8,232,8648,True,True,38995,8432751989,4014,54,0.0,0,0.8159900000000001,0.0192208214662969,1840445,192208214,19,19221,192.208214662969
vdb_random-match-int-2048-angular-no-filters,100000.0,2048.0,133.0558312914499,8.543789863586426,9.41742992401123,0.1165661290287971,10000.0,0.9665960073471068,0.9820473790168762,0.9714471697807312,0.0040531270205974,IVF_PQ,10,42,743,29,79,8,7,579,274,True,False,15307,2921895511,9429,11,0.0,0,0.0938099999999999,0.0049734350293874,14489,49734350,1,4974,49.734350293873995
vdb_random-match-int-2048-angular-no-filters,100000.0,2048.0,133.0558312914499,8.543789863586426,9.41742992401123,0.1165661290287971,10000.0,0.9665960073471068,0.9820473790168762,0.9714471697807312,0.0040531270205974,AUTOINDEX,44,490,158,4748,14,32,5,929,3487,True,False,11087,9420750433,8496,3,0.0,0,0.38921,0.0034349469467997,316227,34349469,4,3435,34.349469467997004
vdb_random-match-int-2048-angular-no-filters,100000.0,2048.0,133.0558312914499,8.543789863586426,9.41742992401123,0.1165661290287971,10000.0,0.9665960073471068,0.9820473790168762,0.9714471697807312,0.0040531270205974,IVF_PQ,20,238,683,6665,46,16,4,274,2145,False,True,18308,5489250278,7646,87,0.0,0,0.0878699999999999,0.0065397773403674,1939045,65397773,20,6540,65.397773403674
vdb_random-match-int-2048-angular-no-filters,100000.0,2048.0,133.0558312914499,8.543789863586426,9.41742992401123,0.1165661290287971,10000.0,0.9665960073471068,0.9820473790168762,0.9714471697807312,0.0040531270205974,IVF_SQ8,36,13,871,5063,80,1,2,271,1031,False,False,38276,466218948,2824,5,0.0,0,0.98111,0.0162808490917086,2561697,162808490,26,16281,162.808490917086
vdb_random-match-int-2048-angular-no-filters,100000.0,2048.0,133.0558312914499,8.543789863586426,9.41742992401123,0.1165661290287971,10000.0,0.9665960073471068,0.9820473790168762,0.9714471697807312,0.0040531270205974,AUTOINDEX,57,312,765,6650,27,64,6,987,2644,False,False,57814,3246650207,4101,95,0.0,0,0.37493,0.0036159057170152,316227,36159057,4,3616,36.159057170151996
vdb_random-match-int-2048-angular-no-filters,100000.0,2048.0,133.0558312914499,8.543789863586426,9.41742992401123,0.1165661290287971,10000.0,0.9665960073471068,0.9820473790168762,0.9714471697807312,0.0040531270205974,IVF_SQ8,62,446,747,9049,11,16,3,319,3340,False,False,28558,2235590002,670,32,0.0,0,0.98106,0.0176444908138364,629539,176444908,7,17645,176.44490813836399
vdb_random-match-int-2048-angular-no-filters,100000.0,2048.0,133.0558312914499,8.543789863586426,9.41742992401123,0.1165661290287971,10000.0,0.9665960073471068,0.9820473790168762,0.9714471697807312,0.0040531270205974,IVF_PQ,18,166,893,5194,29,16,2,824,6333,False,False,63983,9154064929,9069,75,0.0,0,0.05898,0.006316129444167,952642,63161294,10,6317,63.16129444167
vdb_random-match-int-2048-angular-no-filters,100000.0,2048.0,133.0558312914499,8.543789863586426,9.41742992401123,0.1165661290287971,10000.0,0.9665960073471068,0.9820473790168762,0.9714471697807312,0.0040531270205974,IVF_SQ8,18,47,289,6361,73,2,1,644,4112,True,True,46555,1489577390,7530,94,0.0,0,0.98121,0.0171326741576194,2936826,171326741,30,17133,171.326741576194
vdb_random-match-int-2048-angular-no-filters,100000.0,2048.0,133.0558312914499,8.543789863586426,9.41742992401123,0.1165661290287971,10000.0,0.9665960073471068,0.9820473790168762,0.9714471697807312,0.0040531270205974,AUTOINDEX,15,60,354,9426,21,32,9,863,6105,True,True,28377,5417342364,2412,41,0.0,0,0.372,0.0037587254773825,316227,37587254,4,3759,37.587254773825
vdb_random-match-int-2048-angular-no-filters,100000.0,2048.0,133.0558312914499,8.543789863586426,9.41742992401123,0.1165661290287971,10000.0,0.9665960073471068,0.9820473790168762,0.9714471697807312,0.0040531270205974,IVF_PQ,41,107,508,6088,97,1,2,948,992,True,False,9992,4908135676,1493,13,0.0,0,0.04225,0.004778206674382,3734877,47782066,38,4779,47.78206674382
vdb_random-match-int-2048-angular-no-filters,100000.0,2048.0,133.0558312914499,8.543789863586426,9.41742992401123,0.1165661290287971,10000.0,0.9665960073471068,0.9820473790168762,0.9714471697807312,0.0040531270205974,HNSW,48,379,411,8013,95,32,7,595,1600,False,True,80862,5557862136,7962,5,0.0,0,0.99178,0.09711503717117,5752815,971150371,58,97116,971.1503717117
vdb_random-match-int-2048-angular-no-filters,100000.0,2048.0,133.0558312914499,8.543789863586426,9.41742992401123,0.1165661290287971,10000.0,0.9665960073471068,0.9820473790168762,0.9714471697807312,0.0040531270205974,IVF_SQ8,33,339,534,44,86,128,1,829,7211,False,True,42324,4058372029,8411,81,0.0,0,0.98267,0.0179040242917835,23932,179040242,1,17905,179.040242917835
vdb_random-match-int-2048-angular-no-filters,100000.0,2048.0,133.0558312914499,8.543789863586426,9.41742992401123,0.1165661290287971,10000.0,0.9665960073471068,0.9820473790168762,0.9714471697807312,0.0040531270205974,SCANN,62,172,807,7318,17,64,3,218,179,False,True,64797,7076148615,2730,45,0.0,0,0.9983800000000002,0.0047264684457331,689,47264684,1,4727,47.264684457331
vdb_random-match-int-2048-angular-no-filters,100000.0,2048.0,133.0558312914499,8.543789863586426,9.41742992401123,0.1165661290287971,10000.0,0.9665960073471068,0.9820473790168762,0.9714471697807312,0.0040531270205974,HNSW,46,298,478,631,45,1,3,344,8319,True,True,26384,435657464,5240,17,0.0,0,0.9817,0.0563833439722657,4334850,563833439,44,56384,563.833439722657
vdb_random-match-int-2048-angular-no-filters,100000.0,2048.0,133.0558312914499,8.543789863586426,9.41742992401123,0.1165661290287971,10000.0,0.9665960073471068,0.9820473790168762,0.9714471697807312,0.0040531270205974,SCANN,51,307,575,8842,10,16,9,305,6448,True,False,22468,8647240897,4590,4,0.0,0,0.9992,0.0049999656621366,964,49999656,1,5000,49.999656621366
vdb_random-match-int-2048-angular-no-filters,100000.0,2048.0,133.0558312914499,8.543789863586426,9.41742992401123,0.1165661290287971,10000.0,0.9665960073471068,0.9820473790168762,0.9714471697807312,0.0040531270205974,SCANN,11,276,543,7181,70,16,5,204,2976,False,True,93157,9888481994,1888,2,0.0,0,0.99818,0.0050200838595628,645,50200838,1,5021,50.200838595628
vdb_random-match-int-2048-angular-no-filters,100000.0,2048.0,133.0558312914499,8.543789863586426,9.41742992401123,0.1165661290287971,10000.0,0.9665960073471068,0.9820473790168762,0.9714471697807312,0.0040531270205974,IVF_FLAT,36,123,845,9302,28,16,8,498,9394,True,False,86187,2870704723,7197,55,0.0,0,0.9998400000000002,0.0600365448743104,1647268,600365448,17,60037,600.365448743104
vdb_random-match-int-2048-angular-no-filters,100000.0,2048.0,133.0558312914499,8.543789863586426,9.41742992401123,0.1165661290287971,10000.0,0.9665960073471068,0.9820473790168762,0.9714471697807312,0.0040531270205974,IVF_FLAT,52,289,696,9129,65,64,7,535,863,True,False,21047,7774123873,5102,24,0.0,0,0.9998400000000002,0.0639274045359343,3752896,639274045,38,63928,639.2740453593431
vdb_random-match-int-2048-angular-no-filters,100000.0,2048.0,133.0558312914499,8.543789863586426,9.41742992401123,0.1165661290287971,10000.0,0.9665960073471068,0.9820473790168762,0.9714471697807312,0.0040531270205974,IVF_SQ8,34,326,986,7282,68,32,7,707,9298,False,False,14250,6715475826,9362,26,0.0,0,0.98112,0.0187241948675364,3131768,187241948,32,18725,187.241948675364
vdb_random-match-int-2048-angular-no-filters,100000.0,2048.0,133.0558312914499,8.543789863586426,9.41742992401123,0.1165661290287971,10000.0,0.9665960073471068,0.9820473790168762,0.9714471697807312,0.0040531270205974,IVF_FLAT,37,341,111,4240,43,64,10,157,5842,False,False,90596,6436798747,3185,11,0.0,0,0.9998400000000002,0.0576611171010881,1153092,576611171,12,57662,576.611171010881
vdb_random-match-int-2048-angular-no-filters,100000.0,2048.0,133.0558312914499,8.543789863586426,9.41742992401123,0.1165661290287971,10000.0,0.9665960073471068,0.9820473790168762,0.9714471697807312,0.0040531270205974,IVF_SQ8,42,226,945,3437,44,8,5,642,6284,False,False,14747,4484125357,1536,89,0.0,0,0.98087,0.0196389848366379,956449,196389848,10,19639,196.389848366379
vdb_random-match-int-2048-angular-no-filters,100000.0,2048.0,133.0558312914499,8.543789863586426,9.41742992401123,0.1165661290287971,10000.0,0.9665960073471068,0.9820473790168762,0.9714471697807312,0.0040531270205974,FLAT,40,382,101,3684,63,2,8,380,4989,False,False,37390,5541306828,708,17,0.0,0,0.9998400000000002,0.0718682717066258,316227,718682717,4,71869,718.682717066258
vdb_random-match-int-2048-angular-no-filters,100000.0,2048.0,133.0558312914499,8.543789863586426,9.41742992401123,0.1165661290287971,10000.0,0.9665960073471068,0.9820473790168762,0.9714471697807312,0.0040531270205974,AUTOINDEX,6,415,543,5265,73,1,5,895,6652,True,True,679,7689064402,5705,54,0.0,0,0.35418,0.0035121187102049,316227,35121187,4,3513,35.121187102049
vdb_random-match-int-2048-angular-no-filters,100000.0,2048.0,133.0558312914499,8.543789863586426,9.41742992401123,0.1165661290287971,10000.0,0.9665960073471068,0.9820473790168762,0.9714471697807312,0.0040531270205974,AUTOINDEX,23,437,405,2825,24,1,2,993,8455,True,False,79426,5472435422,8698,29,0.0,0,0.38623,0.0037832199130207,316227,37832199,4,3784,37.832199130207
vdb_random-match-int-2048-angular-no-filters,100000.0,2048.0,133.0558312914499,8.543789863586426,9.41742992401123,0.1165661290287971,10000.0,0.9665960073471068,0.9820473790168762,0.9714471697807312,0.0040531270205974,AUTOINDEX,61,313,353,2735,5,16,7,765,5949,True,False,81401,6302359609,8421,54,0.0,0,0.39448,0.0040098745841532,316227,40098745,4,4010,40.098745841532
vdb_random-match-int-2048-angular-no-filters,100000.0,2048.0,133.0558312914499,8.543789863586426,9.41742992401123,0.1165661290287971,10000.0,0.9665960073471068,0.9820473790168762,0.9714471697807312,0.0040531270205974,AUTOINDEX,19,289,831,4668,43,128,8,300,9381,False,True,17500,7458614449,4491,62,0.0,0,0.32107,0.0033950184006243,316227,33950184,4,3396,33.950184006243
vdb_random-match-int-2048-angular-no-filters,100000.0,2048.0,133.0558312914499,8.543789863586426,9.41742992401123,0.1165661290287971,10000.0,0.9665960073471068,0.9820473790168762,0.9714471697807312,0.0040531270205974,IVF_PQ,60,145,839,7759,47,2,2,369,7168,True,False,86505,5759762859,6554,56,0.0,0,0.03415,0.0048148832749575,2306394,48148832,24,4815,48.148832749575
vdb_random-match-int-2048-angular-no-filters,100000.0,2048.0,133.0558312914499,8.543789863586426,9.41742992401123,0.1165661290287971,10000.0,0.9665960073471068,0.9820473790168762,0.9714471697807312,0.0040531270205974,AUTOINDEX,42,502,635,246,55,16,9,286,7069,False,True,29104,6593148194,3295,57,0.0,0,0.34513,0.0035567632410675,316227,35567632,4,3557,35.567632410674996
vdb_random-match-int-2048-angular-no-filters,100000.0,2048.0,133.0558312914499,8.543789863586426,9.41742992401123,0.1165661290287971,10000.0,0.9665960073471068,0.9820473790168762,0.9714471697807312,0.0040531270205974,IVF_FLAT,26,93,840,3128,51,64,8,621,7846,False,True,5909,807625563,2425,2,0.0,0,0.9998400000000002,0.065000931546092,1008943,650009315,11,65001,650.00931546092
vdb_random-match-int-2048-angular-no-filters,100000.0,2048.0,133.0558312914499,8.543789863586426,9.41742992401123,0.1165661290287971,10000.0,0.9665960073471068,0.9820473790168762,0.9714471697807312,0.0040531270205974,IVF_SQ8,16,76,764,8083,55,128,4,264,2466,False,True,72602,3278105759,9969,42,0.0,0,0.98163,0.0165170008782297,2811675,165170008,29,16518,165.170008782297
vdb_random-match-int-2048-angular-no-filters,100000.0,2048.0,133.0558312914499,8.543789863586426,9.41742992401123,0.1165661290287971,10000.0,0.9665960073471068,0.9820473790168762,0.9714471697807312,0.0040531270205974,IVF_SQ8,24,295,630,5622,87,128,1,950,4803,True,False,44614,7154625909,3362,88,0.0,0,0.9817,0.0185182036366313,3093428,185182036,31,18519,185.182036366313
vdb_random-match-int-2048-angular-no-filters,100000.0,2048.0,133.0558312914499,8.543789863586426,9.41742992401123,0.1165661290287971,10000.0,0.9665960073471068,0.9820473790168762,0.9714471697807312,0.0040531270205974,FLAT,41,189,692,1580,71,2,8,150,3993,True,True,66770,7612426744,8645,45,0.0,0,0.9998400000000002,0.0692337277345359,316227,692337277,4,69234,692.337277345359
vdb_random-match-int-2048-angular-no-filters,100000.0,2048.0,133.0558312914499,8.543789863586426,9.41742992401123,0.1165661290287971,10000.0,0.9665960073471068,0.9820473790168762,0.9714471697807312,0.0040531270205974,HNSW,11,83,308,2915,21,1,9,904,584,False,False,68284,3144284988,6099,84,0.0,0,0.6803899999999999,0.0115571830887347,288715,115571830,3,11558,115.571830887347
vdb_random-match-int-2048-angular-no-filters,100000.0,2048.0,133.0558312914499,8.543789863586426,9.41742992401123,0.1165661290287971,10000.0,0.9665960073471068,0.9820473790168762,0.9714471697807312,0.0040531270205974,IVF_FLAT,37,145,241,1824,40,8,4,120,3524,True,True,47865,9583209526,109,83,0.0,0,0.98409,0.0532199140638113,461439,532199140,5,53220,532.199140638113
vdb_random-match-int-2048-angular-no-filters,100000.0,2048.0,133.0558312914499,8.543789863586426,9.41742992401123,0.1165661290287971,10000.0,0.9665960073471068,0.9820473790168762,0.9714471697807312,0.0040531270205974,IVF_PQ,29,448,552,6344,87,4,2,167,9569,True,True,51534,5798070168,2393,78,0.0,0,0.04339,0.0049712924286723,3490699,49712924,35,4972,49.712924286723
vdb_random-match-int-2048-angular-no-filters,100000.0,2048.0,133.0558312914499,8.543789863586426,9.41742992401123,0.1165661290287971,10000.0,0.9665960073471068,0.9820473790168762,0.9714471697807312,0.0040531270205974,IVF_PQ,39,356,315,2523,86,128,4,1000,5291,True,False,54940,9630767010,3101,16,0.0,0,0.10638,0.0151648431550711,1372289,151648431,14,15165,151.648431550711
vdb_random-match-int-2048-angular-no-filters,100000.0,2048.0,133.0558312914499,8.543789863586426,9.41742992401123,0.1165661290287971,10000.0,0.9665960073471068,0.9820473790168762,0.9714471697807312,0.0040531270205974,AUTOINDEX,40,97,461,5490,79,128,3,614,9405,False,False,76670,8453576981,9194,17,0.0,0,0.38386,0.0036977952811866,316227,36977952,4,3698,36.977952811866
vdb_random-match-int-2048-angular-no-filters,100000.0,2048.0,133.0558312914499,8.543789863586426,9.41742992401123,0.1165661290287971,10000.0,0.9665960073471068,0.9820473790168762,0.9714471697807312,0.0040531270205974,AUTOINDEX,20,141,351,1799,18,16,3,998,8905,True,True,57052,3208490748,5397,41,0.0,0,0.3935099999999999,0.0037786359898745,316227,37786359,4,3779,37.786359898745
vdb_random-match-int-2048-angular-no-filters,100000.0,2048.0,133.0558312914499,8.543789863586426,9.41742992401123,0.1165661290287971,10000.0,0.9665960073471068,0.9820473790168762,0.9714471697807312,0.0040531270205974,IVF_FLAT,17,366,780,484,18,64,6,315,7897,True,True,5244,3065630801,5928,10,0.0,0,0.7449,0.0366668033413589,55099,366668033,1,36667,366.668033413589
vdb_random-match-int-2048-angular-no-filters,100000.0,2048.0,133.0558312914499,8.543789863586426,9.41742992401123,0.1165661290287971,10000.0,0.9665960073471068,0.9820473790168762,0.9714471697807312,0.0040531270205974,IVF_FLAT,20,258,125,7577,97,32,8,682,8525,False,False,91806,4737376642,6847,27,0.0,0,0.9998400000000002,0.0648547867778688,4648352,648547867,47,64855,648.547867778688
vdb_random-match-int-2048-angular-no-filters,100000.0,2048.0,133.0558312914499,8.543789863586426,9.41742992401123,0.1165661290287971,10000.0,0.9665960073471068,0.9820473790168762,0.9714471697807312,0.0040531270205974,IVF_PQ,38,29,328,6294,44,32,5,843,6129,True,False,97128,6231732629,3322,15,0.0,0,0.10286,0.0080447723157703,1751497,80447723,18,8045,80.447723157703
vdb_random-match-int-2048-angular-no-filters,100000.0,2048.0,133.0558312914499,8.543789863586426,9.41742992401123,0.1165661290287971,10000.0,0.9665960073471068,0.9820473790168762,0.9714471697807312,0.0040531270205974,AUTOINDEX,28,359,627,1401,21,32,3,399,1551,True,True,60794,3255976966,4112,35,0.0,0,0.39148,0.0038993581663817,316227,38993581,4,3900,38.993581663817
vdb_random-match-int-2048-angular-no-filters,100000.0,2048.0,133.0558312914499,8.543789863586426,9.41742992401123,0.1165661290287971,10000.0,0.9665960073471068,0.9820473790168762,0.9714471697807312,0.0040531270205974,SCANN,23,232,669,7629,6,32,2,562,321,False,True,17979,5898558839,6955,71,0.0,0,0.99977,0.0059432196430861,1777,59432196,1,5944,59.432196430861
vdb_random-match-int-2048-angular-no-filters,100000.0,2048.0,133.0558312914499,8.543789863586426,9.41742992401123,0.1165661290287971,10000.0,0.9665960073471068,0.9820473790168762,0.9714471697807312,0.0040531270205974,FLAT,63,79,412,8125,96,32,9,978,1953,True,False,68644,1900404847,5325,76,0.0,0,0.9998400000000002,0.0711320198606699,316227,711320198,4,71133,711.320198606699
vdb_random-match-int-2048-angular-no-filters,100000.0,2048.0,133.0558312914499,8.543789863586426,9.41742992401123,0.1165661290287971,10000.0,0.9665960073471068,0.9820473790168762,0.9714471697807312,0.0040531270205974,FLAT,57,227,979,3818,89,1,6,572,1113,False,True,62391,7567907470,6279,85,0.0,0,0.9998400000000002,0.0688830629456788,316227,688830629,4,68884,688.830629456788
vdb_random-match-int-2048-angular-no-filters,100000.0,2048.0,133.0558312914499,8.543789863586426,9.41742992401123,0.1165661290287971,10000.0,0.9665960073471068,0.9820473790168762,0.9714471697807312,0.0040531270205974,HNSW,45,136,273,578,94,4,9,160,2507,False,True,37781,3832554819,8778,26,0.0,0,0.93251,0.0333615135401487,1935313,333615135,20,33362,333.615135401487
vdb_random-match-int-2048-angular-no-filters,100000.0,2048.0,133.0558312914499,8.543789863586426,9.41742992401123,0.1165661290287971,10000.0,0.9665960073471068,0.9820473790168762,0.9714471697807312,0.0040531270205974,IVF_SQ8,62,91,773,2102,42,32,7,874,4696,True,False,62180,6495327617,3381,94,0.0,0,0.97917,0.0181263178121298,558357,181263178,6,18127,181.263178121298
vdb_random-match-int-2048-angular-no-filters,100000.0,2048.0,133.0558312914499,8.543789863586426,9.41742992401123,0.1165661290287971,10000.0,0.9665960073471068,0.9820473790168762,0.9714471697807312,0.0040531270205974,IVF_SQ8,42,242,744,1216,4,8,8,169,4606,True,True,9462,5022608775,9334,56,0.0,0,0.6345299999999999,0.0075712856836616,30762,75712856,1,7572,75.712856836616
vdb_random-match-int-2048-angular-no-filters,100000.0,2048.0,133.0558312914499,8.543789863586426,9.41742992401123,0.1165661290287971,10000.0,0.9665960073471068,0.9820473790168762,0.9714471697807312,0.0040531270205974,FLAT,44,239,398,1072,32,8,7,123,9455,True,False,48483,3074673288,8353,42,0.0,0,0.9998400000000002,0.0700349738355726,316227,700349738,4,70035,700.349738355726
vdb_random-match-int-2048-angular-no-filters,100000.0,2048.0,133.0558312914499,8.543789863586426,9.41742992401123,0.1165661290287971,10000.0,0.9665960073471068,0.9820473790168762,0.9714471697807312,0.0040531270205974,SCANN,17,293,159,9438,18,2,2,942,4435,True,True,4445,8400091435,1426,36,0.0,0,0.9998400000000002,0.0074543409980833,2978,74543409,1,7455,74.543409980833
vdb_random-match-int-2048-angular-no-filters,100000.0,2048.0,133.0558312914499,8.543789863586426,9.41742992401123,0.1165661290287971,10000.0,0.9665960073471068,0.9820473790168762,0.9714471697807312,0.0040531270205974,IVF_FLAT,6,21,654,5859,81,16,2,553,7922,True,False,3641,976659964,5592,51,0.0,0,0.9998400000000002,0.0613054924644529,3001501,613054924,31,61306,613.054924644529
vdb_random-match-int-2048-angular-no-filters,100000.0,2048.0,133.0558312914499,8.543789863586426,9.41742992401123,0.1165661290287971,10000.0,0.9665960073471068,0.9820473790168762,0.9714471697807312,0.0040531270205974,HNSW,58,305,774,6629,40,16,10,820,2498,False,False,12638,1559671484,2682,47,0.0,0,0.99558,0.092425338551402,5594069,924253385,56,92426,924.25338551402
vdb_random-match-int-2048-angular-no-filters,100000.0,2048.0,133.0558312914499,8.543789863586426,9.41742992401123,0.1165661290287971,10000.0,0.9665960073471068,0.9820473790168762,0.9714471697807312,0.0040531270205974,HNSW,31,369,250,2262,98,1,10,669,4526,False,True,27965,7210552227,9996,41,0.0,0,0.95228,0.0310893470421433,3617329,310893470,37,31090,310.893470421433
vdb_random-match-int-2048-angular-no-filters,100000.0,2048.0,133.0558312914499,8.543789863586426,9.41742992401123,0.1165661290287971,10000.0,0.9665960073471068,0.9820473790168762,0.9714471697807312,0.0040531270205974,AUTOINDEX,24,101,868,2852,75,4,1,981,8352,False,True,97291,6148967157,4826,87,0.0,0,0.36848,0.0036077715456485,316227,36077715,4,3608,36.077715456485
vdb_random-match-int-2048-angular-no-filters,100000.0,2048.0,133.0558312914499,8.543789863586426,9.41742992401123,0.1165661290287971,10000.0,0.9665960073471068,0.9820473790168762,0.9714471697807312,0.0040531270205974,IVF_FLAT,47,470,802,5511,53,32,6,352,3971,False,False,38699,4016467703,2855,79,0.0,0,0.9998400000000002,0.0638243487104773,1847295,638243487,19,63825,638.2434871047731
vdb_random-match-int-2048-angular-no-filters,100000.0,2048.0,133.0558312914499,8.543789863586426,9.41742992401123,0.1165661290287971,10000.0,0.9665960073471068,0.9820473790168762,0.9714471697807312,0.0040531270205974,IVF_PQ,54,292,137,5609,88,32,5,269,8503,False,True,45885,2599601275,4466,17,0.0,0,0.10285,0.0080978224985301,3121749,80978224,32,8098,80.978224985301
vdb_random-match-int-2048-angular-no-filters,100000.0,2048.0,133.0558312914499,8.543789863586426,9.41742992401123,0.1165661290287971,10000.0,0.9665960073471068,0.9820473790168762,0.9714471697807312,0.0040531270205974,IVF_PQ,42,364,553,4628,30,128,1,543,5656,True,False,67851,2972637162,3454,18,0.0,0,0.1013999999999999,0.0114439779426902,878101,114439779,9,11444,114.43977942690199
vdb_random-match-int-2048-angular-no-filters,100000.0,2048.0,133.0558312914499,8.543789863586426,9.41742992401123,0.1165661290287971,10000.0,0.9665960073471068,0.9820473790168762,0.9714471697807312,0.0040531270205974,HNSW,11,37,539,8314,42,64,4,782,3878,False,False,43935,7414122039,3206,9,0.0,0,0.6614599999999999,0.0111772901378571,128704,111772901,2,11178,111.772901378571
vdb_random-match-int-2048-angular-no-filters,100000.0,2048.0,133.0558312914499,8.543789863586426,9.41742992401123,0.1165661290287971,10000.0,0.9665960073471068,0.9820473790168762,0.9714471697807312,0.0040531270205974,HNSW,4,469,783,8512,6,2,2,378,2719,True,False,17441,3824747786,8027,41,0.0,0,0.54191,0.0056775094009935,593243,56775094,6,5678,56.775094009935
vdb_random-match-int-2048-angular-no-filters,100000.0,2048.0,133.0558312914499,8.543789863586426,9.41742992401123,0.1165661290287971,10000.0,0.9665960073471068,0.9820473790168762,0.9714471697807312,0.0040531270205974,IVF_FLAT,59,285,300,5031,99,4,8,423,1315,True,False,61311,1435987793,1600,78,0.0,0,0.9998400000000002,0.0661055519711225,3150064,661055519,32,66106,661.055519711225
vdb_random-match-int-2048-angular-no-filters,100000.0,2048.0,133.0558312914499,8.543789863586426,9.41742992401123,0.1165661290287971,10000.0,0.9665960073471068,0.9820473790168762,0.9714471697807312,0.0040531270205974,AUTOINDEX,4,302,179,9965,89,128,10,763,5029,False,True,11327,9773897123,3763,29,0.0,0,0.36106,0.0036699313204735,316227,36699313,4,3670,36.699313204735
vdb_random-match-int-2048-angular-no-filters,100000.0,2048.0,133.0558312914499,8.543789863586426,9.41742992401123,0.1165661290287971,10000.0,0.9665960073471068,0.9820473790168762,0.9714471697807312,0.0040531270205974,HNSW,5,22,131,3697,94,32,9,164,8509,True,False,52455,1944322692,4241,36,0.0,0,0.24234,0.0032693577930331,34785,32693577,1,3270,32.693577930331
vdb_random-match-int-2048-angular-no-filters,100000.0,2048.0,133.0558312914499,8.543789863586426,9.41742992401123,0.1165661290287971,10000.0,0.9665960073471068,0.9820473790168762,0.9714471697807312,0.0040531270205974,SCANN,26,28,729,5698,78,16,2,734,1387,True,True,71822,9694102131,7429,67,0.0,0,0.9998400000000002,0.0064730166923254,2321,64730166,1,6474,64.730166923254
vdb_random-match-int-2048-angular-no-filters,100000.0,2048.0,133.0558312914499,8.543789863586426,9.41742992401123,0.1165661290287971,10000.0,0.9665960073471068,0.9820473790168762,0.9714471697807312,0.0040531270205974,FLAT,24,212,460,1345,76,2,4,492,4861,True,True,79322,4627775715,9913,26,0.0,0,0.9998400000000002,0.0699371195863932,316227,699371195,4,69938,699.371195863932
vdb_random-match-int-2048-angular-no-filters,100000.0,2048.0,133.0558312914499,8.543789863586426,9.41742992401123,0.1165661290287971,10000.0,0.9665960073471068,0.9820473790168762,0.9714471697807312,0.0040531270205974,FLAT,57,164,797,3971,45,8,3,469,8427,True,False,25359,4119882497,6523,8,0.0,0,0.9998400000000002,0.0708970109932124,316227,708970109,4,70898,708.9701099321239
vdb_random-match-int-2048-angular-no-filters,100000.0,2048.0,133.0558312914499,8.543789863586426,9.41742992401123,0.1165661290287971,10000.0,0.9665960073471068,0.9820473790168762,0.9714471697807312,0.0040531270205974,IVF_FLAT,24,273,975,6178,88,32,2,897,8582,True,True,16970,1040694953,6639,67,0.0,0,0.9998400000000002,0.0578459943644702,3438433,578459943,35,57846,578.459943644702
vdb_random-match-int-2048-angular-no-filters,100000.0,2048.0,133.0558312914499,8.543789863586426,9.41742992401123,0.1165661290287971,10000.0,0.9665960073471068,0.9820473790168762,0.9714471697807312,0.0040531270205974,SCANN,22,477,718,1325,100,4,6,909,3355,False,False,97087,7103896216,944,30,0.0,0,0.99982,0.007455184450373,2874,74551844,1,7456,74.55184450373001
vdb_random-match-int-2048-angular-no-filters,100000.0,2048.0,133.0558312914499,8.543789863586426,9.41742992401123,0.1165661290287971,10000.0,0.9665960073471068,0.9820473790168762,0.9714471697807312,0.0040531270205974,FLAT,40,197,901,9863,34,16,4,362,5935,True,False,33458,4462256375,4816,95,0.0,0,0.9998400000000002,0.0720425705891102,316227,720425705,4,72043,720.4257058911021
vdb_random-match-int-2048-angular-no-filters,100000.0,2048.0,133.0558312914499,8.543789863586426,9.41742992401123,0.1165661290287971,10000.0,0.9665960073471068,0.9820473790168762,0.9714471697807312,0.0040531270205974,IVF_FLAT,34,448,760,4693,56,64,8,708,6623,True,False,35425,8182576855,1798,34,0.0,0,0.9998400000000002,0.0554388639517128,1662143,554388639,17,55439,554.388639517128
vdb_random-match-int-2048-angular-no-filters,100000.0,2048.0,133.0558312914499,8.543789863586426,9.41742992401123,0.1165661290287971,10000.0,0.9665960073471068,0.9820473790168762,0.9714471697807312,0.0040531270205974,SCANN,47,449,164,9524,38,128,3,688,9424,True,False,67171,1159951034,3434,31,0.0,0,0.9998400000000002,0.0066565104294568,2175,66565104,1,6657,66.565104294568
vdb_random-match-int-2048-angular-no-filters,100000.0,2048.0,133.0558312914499,8.543789863586426,9.41742992401123,0.1165661290287971,10000.0,0.9665960073471068,0.9820473790168762,0.9714471697807312,0.0040531270205974,IVF_PQ,31,51,288,9223,83,8,7,456,1088,True,False,75560,1402172478,5113,55,0.0,0,0.02352,0.0058006260544061,4841504,58006260,49,5801,58.006260544061
vdb_random-match-int-2048-angular-no-filters,100000.0,2048.0,133.0558312914499,8.543789863586426,9.41742992401123,0.1165661290287971,10000.0,0.9665960073471068,0.9820473790168762,0.9714471697807312,0.0040531270205974,SCANN,10,463,431,7174,41,32,5,920,4887,False,True,72155,7485515669,5733,83,0.0,0,0.99983,0.0080457506235688,2909,80457506,1,8046,80.457506235688
vdb_random-match-int-2048-angular-no-filters,100000.0,2048.0,133.0558312914499,8.543789863586426,9.41742992401123,0.1165661290287971,10000.0,0.9665960073471068,0.9820473790168762,0.9714471697807312,0.0040531270205974,SCANN,23,366,256,598,76,8,1,859,6237,False,True,73750,5206837726,2563,28,0.0,0,0.9998400000000002,0.0073985258117318,2716,73985258,1,7399,73.985258117318
vdb_random-match-int-2048-angular-no-filters,100000.0,2048.0,133.0558312914499,8.543789863586426,9.41742992401123,0.1165661290287971,10000.0,0.9665960073471068,0.9820473790168762,0.9714471697807312,0.0040531270205974,AUTOINDEX,32,137,790,1972,80,64,9,629,8640,False,True,56748,5058046298,6565,89,0.0,0,0.39304,0.0038065739441663,316227,38065739,4,3807,38.065739441663
vdb_random-match-int-2048-angular-no-filters,100000.0,2048.0,133.0558312914499,8.543789863586426,9.41742992401123,0.1165661290287971,10000.0,0.9665960073471068,0.9820473790168762,0.9714471697807312,0.0040531270205974,FLAT,54,342,688,4649,43,1,10,912,3747,False,False,13970,8243266893,8304,11,0.0,0,0.9998400000000002,0.0707196922972798,316227,707196922,4,70720,707.196922972798
vdb_random-match-int-2048-angular-no-filters,100000.0,2048.0,133.0558312914499,8.543789863586426,9.41742992401123,0.1165661290287971,10000.0,0.9665960073471068,0.9820473790168762,0.9714471697807312,0.0040531270205974,FLAT,19,198,981,5239,25,2,7,803,6427,True,False,89900,5309570893,7587,40,0.0,0,0.9998400000000002,0.0702876466326415,316227,702876466,4,70288,702.8764663264151
vdb_random-match-int-2048-angular-no-filters,100000.0,2048.0,133.0558312914499,8.543789863586426,9.41742992401123,0.1165661290287971,10000.0,0.9665960073471068,0.9820473790168762,0.9714471697807312,0.0040531270205974,AUTOINDEX,24,364,456,7157,18,32,4,814,4004,False,True,50763,8658162213,7772,50,0.0,0,0.37175,0.0035581905394792,316227,35581905,4,3559,35.581905394792
vdb_random-match-int-2048-angular-no-filters,100000.0,2048.0,133.0558312914499,8.543789863586426,9.41742992401123,0.1165661290287971,10000.0,0.9665960073471068,0.9820473790168762,0.9714471697807312,0.0040531270205974,IVF_PQ,13,374,535,4920,28,1,4,426,1249,True,True,18721,2823094247,7702,49,0.0,0,0.02554,0.0044893205631524,871270,44893205,9,4490,44.893205631524005
vdb_random-match-int-2048-angular-no-filters,100000.0,2048.0,133.0558312914499,8.543789863586426,9.41742992401123,0.1165661290287971,10000.0,0.9665960073471068,0.9820473790168762,0.9714471697807312,0.0040531270205974,IVF_PQ,12,142,305,9883,66,16,5,624,2057,True,True,87219,4657427227,1679,9,0.0,0,0.0936899999999999,0.0070092679467052,4125368,70092679,42,7010,70.092679467052
vdb_random-match-int-2048-angular-no-filters,100000.0,2048.0,133.0558312914499,8.543789863586426,9.41742992401123,0.1165661290287971,10000.0,0.9665960073471068,0.9820473790168762,0.9714471697807312,0.0040531270205974,HNSW,5,316,196,4769,33,8,7,576,4073,False,True,15129,4099059597,3266,74,0.0,0,0.3643899999999999,0.003730186028406,499639,37301860,5,3731,37.30186028406
vdb_random-match-int-2048-angular-no-filters,100000.0,2048.0,133.0558312914499,8.543789863586426,9.41742992401123,0.1165661290287971,10000.0,0.9665960073471068,0.9820473790168762,0.9714471697807312,0.0040531270205974,IVF_PQ,20,32,262,32,36,128,6,603,2831,False,True,70051,7754098092,3821,2,0.0,0,0.1076,0.0126328440383076,7285,126328440,1,12633,126.32844038307601
vdb_random-match-int-2048-angular-no-filters,100000.0,2048.0,133.0558312914499,8.543789863586426,9.41742992401123,0.1165661290287971,10000.0,0.9665960073471068,0.9820473790168762,0.9714471697807312,0.0040531270205974,SCANN,11,308,388,3348,31,8,9,446,785,False,True,80255,9745164909,2640,17,0.0,0,0.99972,0.0055449115578085,1410,55449115,1,5545,55.44911557808501
vdb_random-match-int-2048-angular-no-filters,100000.0,2048.0,133.0558312914499,8.543789863586426,9.41742992401123,0.1165661290287971,10000.0,0.9665960073471068,0.9820473790168762,0.9714471697807312,0.0040531270205974,HNSW,60,11,732,5491,85,4,6,311,2263,True,True,42646,544438761,2383,72,0.0,0,0.87741,0.0429568462073802,208710,429568462,3,42957,429.56846207380204
vdb_random-match-int-2048-angular-no-filters,100000.0,2048.0,133.0558312914499,8.543789863586426,9.41742992401123,0.1165661290287971,10000.0,0.9665960073471068,0.9820473790168762,0.9714471697807312,0.0040531270205974,AUTOINDEX,63,110,700,4398,35,2,9,406,4037,False,True,39453,9493038887,6663,5,0.0,0,0.35736,0.0036743701901286,316227,36743701,4,3675,36.743701901286
vdb_random-match-int-2048-angular-no-filters,100000.0,2048.0,133.0558312914499,8.543789863586426,9.41742992401123,0.1165661290287971,10000.0,0.9665960073471068,0.9820473790168762,0.9714471697807312,0.0040531270205974,FLAT,62,31,260,3561,82,128,3,325,4162,True,True,8343,534667361,5373,93,0.0,0,0.9998400000000002,0.0701910833362489,316227,701910833,4,70192,701.910833362489
vdb_random-match-int-2048-angular-no-filters,100000.0,2048.0,133.0558312914499,8.543789863586426,9.41742992401123,0.1165661290287971,10000.0,0.9665960073471068,0.9820473790168762,0.9714471697807312,0.0040531270205974,AUTOINDEX,34,184,950,3749,74,1,3,774,5917,False,True,95646,1815085161,848,72,0.0,0,0.35942,0.0036011655349284,316227,36011655,4,3602,36.011655349284
vdb_random-match-int-2048-angular-no-filters,100000.0,2048.0,133.0558312914499,8.543789863586426,9.41742992401123,0.1165661290287971,10000.0,0.9665960073471068,0.9820473790168762,0.9714471697807312,0.0040531270205974,IVF_PQ,4,219,653,3511,57,4,7,117,5000,False,True,94645,5649284790,4001,28,0.0,0,0.0172,0.005628303065896,1265714,56283030,13,5629,56.28303065896
vdb_random-match-int-2048-angular-no-filters,100000.0,2048.0,133.0558312914499,8.543789863586426,9.41742992401123,0.1165661290287971,10000.0,0.9665960073471068,0.9820473790168762,0.9714471697807312,0.0040531270205974,IVF_SQ8,17,35,644,414,81,64,6,146,1729,True,False,34605,5371531721,7491,11,0.0,0,0.97983,0.0182040404528379,212087,182040404,3,18205,182.040404528379
vdb_random-match-int-2048-angular-no-filters,100000.0,2048.0,133.0558312914499,8.543789863586426,9.41742992401123,0.1165661290287971,10000.0,0.9665960073471068,0.9820473790168762,0.9714471697807312,0.0040531270205974,HNSW,41,207,669,91,96,4,6,303,3368,True,False,66000,2441783025,4286,54,0.0,0,0.98317,0.0475064722355455,2683825,475064722,27,47507,475.064722355455
vdb_random-match-int-2048-angular-no-filters,100000.0,2048.0,133.0558312914499,8.543789863586426,9.41742992401123,0.1165661290287971,10000.0,0.9665960073471068,0.9820473790168762,0.9714471697807312,0.0040531270205974,IVF_FLAT,9,355,382,4183,17,4,4,116,5859,True,False,34410,7405194168,9082,93,0.0,0,0.98204,0.0541539112571626,449745,541539112,5,54154,541.539112571626
vdb_random-match-int-2048-angular-no-filters,100000.0,2048.0,133.0558312914499,8.543789863586426,9.41742992401123,0.1165661290287971,10000.0,0.9665960073471068,0.9820473790168762,0.9714471697807312,0.0040531270205974,FLAT,60,311,554,7517,77,16,3,789,3115,True,False,69345,1518369067,4946,65,0.0,0,0.9998400000000002,0.0721221103798598,316227,721221103,4,72123,721.221103798598
vdb_random-match-int-2048-angular-no-filters,100000.0,2048.0,133.0558312914499,8.543789863586426,9.41742992401123,0.1165661290287971,10000.0,0.9665960073471068,0.9820473790168762,0.9714471697807312,0.0040531270205974,FLAT,39,179,293,4638,86,8,2,314,1063,True,True,29726,2507315613,3663,30,0.0,0,0.9998400000000002,0.0724097311031073,316227,724097311,4,72410,724.0973110310731
vdb_random-match-int-2048-angular-no-filters,100000.0,2048.0,133.0558312914499,8.543789863586426,9.41742992401123,0.1165661290287971,10000.0,0.9665960073471068,0.9820473790168762,0.9714471697807312,0.0040531270205974,IVF_PQ,11,220,863,5010,39,16,9,315,1696,False,True,70542,3051875617,6619,25,0.0,0,0.09037,0.007650213362649,1235754,76502133,13,7651,76.50213362649
vdb_random-match-int-2048-angular-no-filters,100000.0,2048.0,133.0558312914499,8.543789863586426,9.41742992401123,0.1165661290287971,10000.0,0.9665960073471068,0.9820473790168762,0.9714471697807312,0.0040531270205974,SCANN,24,51,281,4265,66,128,3,586,2310,True,False,71842,3736577936,3558,18,0.0,0,0.9998,0.0062779376283287,1853,62779376,1,6278,62.779376283287
vdb_random-match-int-2048-angular-no-filters,100000.0,2048.0,133.0558312914499,8.543789863586426,9.41742992401123,0.1165661290287971,10000.0,0.9665960073471068,0.9820473790168762,0.9714471697807312,0.0040531270205974,IVF_PQ,7,347,937,8461,60,1,7,195,9295,False,True,34932,1856777427,5456,47,0.0,0,0.00554,0.0049697684124112,3210723,49697684,33,4970,49.697684124112
vdb_random-match-int-2048-angular-no-filters,100000.0,2048.0,133.0558312914499,8.543789863586426,9.41742992401123,0.1165661290287971,10000.0,0.9665960073471068,0.9820473790168762,0.9714471697807312,0.0040531270205974,HNSW,13,427,223,4992,75,128,4,966,7349,True,False,88312,4939649598,5119,92,0.0,0,0.76933,0.0139342481736093,1755380,139342481,18,13935,139.342481736093
vdb_random-match-int-2048-angular-no-filters,100000.0,2048.0,133.0558312914499,8.543789863586426,9.41742992401123,0.1165661290287971,10000.0,0.9665960073471068,0.9820473790168762,0.9714471697807312,0.0040531270205974,IVF_PQ,15,21,854,896,39,128,10,928,9982,True,False,23046,1500333210,9481,42,0.0,0,0.13979,0.0180680514778941,221005,180680514,3,18069,180.68051477894102
vdb_random-match-int-2048-angular-no-filters,100000.0,2048.0,133.0558312914499,8.543789863586426,9.41742992401123,0.1165661290287971,10000.0,0.9665960073471068,0.9820473790168762,0.9714471697807312,0.0040531270205974,IVF_SQ8,35,417,149,883,43,4,8,659,8231,True,True,20709,1972503509,2311,29,0.0,0,0.93562,0.0166491749696433,240137,166491749,3,16650,166.49174969643298
vdb_random-match-int-2048-angular-no-filters,100000.0,2048.0,133.0558312914499,8.543789863586426,9.41742992401123,0.1165661290287971,10000.0,0.9665960073471068,0.9820473790168762,0.9714471697807312,0.0040531270205974,FLAT,7,319,844,7472,44,128,4,742,9161,False,False,99459,2734295635,8713,15,0.0,0,0.9998400000000002,0.071367249963805,316227,713672499,4,71368,713.67249963805
vdb_random-match-int-2048-angular-no-filters,100000.0,2048.0,133.0558312914499,8.543789863586426,9.41742992401123,0.1165661290287971,10000.0,0.9665960073471068,0.9820473790168762,0.9714471697807312,0.0040531270205974,HNSW,14,246,733,1964,34,128,1,507,1427,True,True,48191,8338278460,3807,98,0.0,0,0.83355,0.0172141324728727,1089088,172141324,11,17215,172.141324728727
vdb_random-match-int-2048-angular-no-filters,100000.0,2048.0,133.0558312914499,8.543789863586426,9.41742992401123,0.1165661290287971,10000.0,0.9665960073471068,0.9820473790168762,0.9714471697807312,0.0040531270205974,IVF_SQ8,30,395,367,3016,3,1,9,752,8797,False,True,52200,8708356342,2479,41,0.0,0,0.78763,0.0100820349063724,57224,100820349,1,10083,100.820349063724
vdb_random-match-int-2048-angular-no-filters,100000.0,2048.0,133.0558312914499,8.543789863586426,9.41742992401123,0.1165661290287971,10000.0,0.9665960073471068,0.9820473790168762,0.9714471697807312,0.0040531270205974,IVF_SQ8,46,505,867,652,55,8,7,876,5184,True,False,76013,301481319,2240,26,0.0,0,0.95792,0.0184964099433272,226798,184964099,3,18497,184.964099433272
vdb_random-match-int-2048-angular-no-filters,100000.0,2048.0,133.0558312914499,8.543789863586426,9.41742992401123,0.1165661290287971,10000.0,0.9665960073471068,0.9820473790168762,0.9714471697807312,0.0040531270205974,FLAT,53,280,679,2796,88,32,9,409,4055,False,False,31271,8051878289,6606,37,0.0,0,0.9998400000000002,0.0708654895424842,316227,708654895,4,70866,708.654895424842
vdb_random-match-int-2048-angular-no-filters,100000.0,2048.0,133.0558312914499,8.543789863586426,9.41742992401123,0.1165661290287971,10000.0,0.9665960073471068,0.9820473790168762,0.9714471697807312,0.0040531270205974,SCANN,54,452,860,5767,74,32,8,218,9918,True,False,16807,8272079940,868,13,0.0,0,0.99819,0.0050356163177639,689,50356163,1,5036,50.356163177639
vdb_random-match-int-2048-angular-no-filters,100000.0,2048.0,133.0558312914499,8.543789863586426,9.41742992401123,0.1165661290287971,10000.0,0.9665960073471068,0.9820473790168762,0.9714471697807312,0.0040531270205974,IVF_FLAT,16,175,968,4073,49,32,4,693,7188,False,False,78235,4661172059,2318,80,0.0,0,0.9998400000000002,0.0567729671951383,1262235,567729671,13,56773,567.729671951383
vdb_random-match-int-2048-angular-no-filters,100000.0,2048.0,133.0558312914499,8.543789863586426,9.41742992401123,0.1165661290287971,10000.0,0.9665960073471068,0.9820473790168762,0.9714471697807312,0.0040531270205974,IVF_PQ,30,123,795,7891,10,32,6,815,5464,False,True,37002,7731097648,3173,66,0.0,0,0.1029,0.0084008416626602,499070,84008416,5,8401,84.008416626602
vdb_random-match-int-2048-angular-no-filters,100000.0,2048.0,133.0558312914499,8.543789863586426,9.41742992401123,0.1165661290287971,10000.0,0.9665960073471068,0.9820473790168762,0.9714471697807312,0.0040531270205974,HNSW,57,364,120,6854,32,1,3,579,1678,True,False,74761,9168102402,7187,50,0.0,0,0.94988,0.0677752332296222,6561093,677752332,66,67776,677.752332296222
vdb_random-match-int-2048-angular-no-filters,100000.0,2048.0,133.0558312914499,8.543789863586426,9.41742992401123,0.1165661290287971,10000.0,0.9665960073471068,0.9820473790168762,0.9714471697807312,0.0040531270205974,HNSW,46,162,139,1403,15,64,7,718,4822,True,False,71623,2162442006,938,56,0.0,0,0.8698100000000001,0.0258650440722703,2356529,258650440,24,25866,258.650440722703
vdb_random-match-int-2048-angular-no-filters,100000.0,2048.0,133.0558312914499,8.543789863586426,9.41742992401123,0.1165661290287971,10000.0,0.9665960073471068,0.9820473790168762,0.9714471697807312,0.0040531270205974,FLAT,23,211,749,9077,32,32,2,122,6066,True,False,12366,9600916583,2695,83,0.0,0,0.9998400000000002,0.0716905318200588,316227,716905318,4,71691,716.905318200588
vdb_random-match-int-2048-angular-no-filters,100000.0,2048.0,133.0558312914499,8.543789863586426,9.41742992401123,0.1165661290287971,10000.0,0.9665960073471068,0.9820473790168762,0.9714471697807312,0.0040531270205974,IVF_FLAT,11,12,726,3807,87,32,6,125,7819,True,True,42525,9134284929,325,67,0.0,0,0.9998400000000002,0.0578648230526596,2094749,578648230,21,57865,578.648230526596
vdb_random-match-int-2048-angular-no-filters,100000.0,2048.0,133.0558312914499,8.543789863586426,9.41742992401123,0.1165661290287971,10000.0,0.9665960073471068,0.9820473790168762,0.9714471697807312,0.0040531270205974,HNSW,28,273,752,7668,51,8,8,191,6313,False,True,77014,8014574758,805,78,0.0,0,0.96295,0.0357220576610416,2417245,357220576,25,35723,357.220576610416
vdb_random-match-int-2048-angular-no-filters,100000.0,2048.0,133.0558312914499,8.543789863586426,9.41742992401123,0.1165661290287971,10000.0,0.9665960073471068,0.9820473790168762,0.9714471697807312,0.0040531270205974,AUTOINDEX,21,466,814,6791,15,16,5,117,8563,False,True,27828,6822658367,2062,27,0.0,0,0.3730199999999999,0.0037235368974506,316227,37235368,4,3724,37.235368974506
vdb_random-match-int-2048-angular-no-filters,100000.0,2048.0,133.0558312914499,8.543789863586426,9.41742992401123,0.1165661290287971,10000.0,0.9665960073471068,0.9820473790168762,0.9714471697807312,0.0040531270205974,SCANN,53,63,392,8523,86,2,4,716,3105,False,False,53365,2322007222,4407,10,0.0,0,0.99982,0.0066571018658578,2264,66571018,1,6658,66.571018658578
vdb_random-match-int-2048-angular-no-filters,100000.0,2048.0,133.0558312914499,8.543789863586426,9.41742992401123,0.1165661290287971,10000.0,0.9665960073471068,0.9820473790168762,0.9714471697807312,0.0040531270205974,FLAT,44,438,165,8474,38,16,3,894,9686,False,False,22556,8558110540,7715,49,0.0,0,0.9998400000000002,0.0722654449753463,316227,722654449,4,72266,722.654449753463
vdb_random-match-int-2048-angular-no-filters,100000.0,2048.0,133.0558312914499,8.543789863586426,9.41742992401123,0.1165661290287971,10000.0,0.9665960073471068,0.9820473790168762,0.9714471697807312,0.0040531270205974,IVF_SQ8,12,349,821,2808,31,1,6,301,2102,True,False,33640,6287218904,1635,17,0.0,0,0.97874,0.0201468334067612,550539,201468334,6,20147,201.468334067612
vdb_random-match-int-2048-angular-no-filters,100000.0,2048.0,133.0558312914499,8.543789863586426,9.41742992401123,0.1165661290287971,10000.0,0.9665960073471068,0.9820473790168762,0.9714471697807312,0.0040531270205974,SCANN,37,467,209,6480,68,4,3,241,2905,True,True,26705,9011821940,8745,40,0.0,0,0.99897,0.0050537154544144,762,50537154,1,5054,50.537154544143995
vdb_random-match-int-2048-angular-no-filters,100000.0,2048.0,133.0558312914499,8.543789863586426,9.41742992401123,0.1165661290287971,10000.0,0.9665960073471068,0.9820473790168762,0.9714471697807312,0.0040531270205974,IVF_PQ,53,72,428,4210,6,2,3,558,289,True,True,20345,703019483,2969,66,0.0,0,0.03396,0.0039629923645406,159758,39629923,2,3963,39.629923645406
vdb_random-match-int-2048-angular-no-filters,100000.0,2048.0,133.0558312914499,8.543789863586426,9.41742992401123,0.1165661290287971,10000.0,0.9665960073471068,0.9820473790168762,0.9714471697807312,0.0040531270205974,IVF_FLAT,32,265,495,3354,52,32,7,860,256,False,False,37560,9538425570,4509,18,0.0,0,0.9998400000000002,0.0559780792798846,1103053,559780792,12,55979,559.780792798846
vdb_random-match-int-2048-angular-no-filters,100000.0,2048.0,133.0558312914499,8.543789863586426,9.41742992401123,0.1165661290287971,10000.0,0.9665960073471068,0.9820473790168762,0.9714471697807312,0.0040531270205974,IVF_PQ,52,506,299,5585,27,4,3,726,6027,True,False,70153,9033722576,2500,15,0.0,0,0.04547,0.0052758477628231,953711,52758477,10,5276,52.758477628231
vdb_random-match-int-2048-angular-no-filters,100000.0,2048.0,133.0558312914499,8.543789863586426,9.41742992401123,0.1165661290287971,10000.0,0.9665960073471068,0.9820473790168762,0.9714471697807312,0.0040531270205974,IVF_SQ8,39,61,309,4461,85,64,7,206,3461,True,False,39592,8849600696,5537,84,0.0,0,0.9813,0.0176186574622988,2398176,176186574,24,17619,176.186574622988
vdb_random-match-int-2048-angular-no-filters,100000.0,2048.0,133.0558312914499,8.543789863586426,9.41742992401123,0.1165661290287971,10000.0,0.9665960073471068,0.9820473790168762,0.9714471697807312,0.0040531270205974,IVF_SQ8,11,494,423,3491,92,128,1,435,3691,False,False,61702,1346091259,2925,22,0.0,0,0.98139,0.0175794333685189,2031270,175794333,21,17580,175.794333685189
vdb_random-match-int-2048-angular-no-filters,100000.0,2048.0,133.0558312914499,8.543789863586426,9.41742992401123,0.1165661290287971,10000.0,0.9665960073471068,0.9820473790168762,0.9714471697807312,0.0040531270205974,HNSW,5,421,437,8365,57,1,1,367,572,False,True,45093,1165330460,4314,36,0.0,0,0.57932,0.0073093019425868,665659,73093019,7,7310,73.09301942586801
vdb_random-match-int-2048-angular-no-filters,100000.0,2048.0,133.0558312914499,8.543789863586426,9.41742992401123,0.1165661290287971,10000.0,0.9665960073471068,0.9820473790168762,0.9714471697807312,0.0040531270205974,IVF_FLAT,21,343,368,4621,39,16,1,862,7140,False,True,69933,4509607355,6624,92,0.0,0,0.9998400000000002,0.0593393247108906,1139805,593393247,12,59340,593.393247108906
vdb_random-match-int-2048-angular-no-filters,100000.0,2048.0,133.0558312914499,8.543789863586426,9.41742992401123,0.1165661290287971,10000.0,0.9665960073471068,0.9820473790168762,0.9714471697807312,0.0040531270205974,IVF_PQ,36,375,745,4415,66,16,7,238,9659,True,False,79206,5841897502,9805,30,0.0,0,0.03589,0.007145769521594,1842912,71457695,19,7146,71.45769521594
vdb_random-match-int-2048-angular-no-filters,100000.0,2048.0,133.0558312914499,8.543789863586426,9.41742992401123,0.1165661290287971,10000.0,0.9665960073471068,0.9820473790168762,0.9714471697807312,0.0040531270205974,FLAT,61,254,184,3045,73,128,2,777,9343,True,True,10238,6994551800,3459,67,0.0,0,0.9998400000000002,0.076118290098384,316227,761182900,4,76119,761.18290098384
vdb_random-match-int-2048-angular-no-filters,100000.0,2048.0,133.0558312914499,8.543789863586426,9.41742992401123,0.1165661290287971,10000.0,0.9665960073471068,0.9820473790168762,0.9714471697807312,0.0040531270205974,FLAT,59,328,326,8348,44,8,9,591,4506,False,True,66882,799640671,1125,82,0.0,0,0.9998400000000002,0.0730369804427027,316227,730369804,4,73037,730.3698044270269
vdb_random-match-int-2048-angular-no-filters,100000.0,2048.0,133.0558312914499,8.543789863586426,9.41742992401123,0.1165661290287971,10000.0,0.9665960073471068,0.9820473790168762,0.9714471697807312,0.0040531270205974,IVF_PQ,15,454,511,9139,72,128,2,140,2794,False,False,75837,6667047058,6046,2,0.0,0,0.1029199999999999,0.0155738700646906,4161607,155738700,42,15574,155.738700646906
vdb_random-match-int-2048-angular-no-filters,100000.0,2048.0,133.0558312914499,8.543789863586426,9.41742992401123,0.1165661290287971,10000.0,0.9665960073471068,0.9820473790168762,0.9714471697807312,0.0040531270205974,SCANN,47,303,465,5931,95,128,7,565,8098,True,True,73592,4419096969,7441,87,0.0,0,0.99978,0.0061547579243779,1786,61547579,1,6155,61.547579243779
vdb_random-match-int-2048-angular-no-filters,100000.0,2048.0,133.0558312914499,8.543789863586426,9.41742992401123,0.1165661290287971,10000.0,0.9665960073471068,0.9820473790168762,0.9714471697807312,0.0040531270205974,AUTOINDEX,21,432,438,326,6,1,6,976,415,False,True,73917,1135590700,1936,95,0.0,0,0.35752,0.0035993264988064,316227,35993264,4,3600,35.993264988064
vdb_random-match-int-2048-angular-no-filters,100000.0,2048.0,133.0558312914499,8.543789863586426,9.41742992401123,0.1165661290287971,10000.0,0.9665960073471068,0.9820473790168762,0.9714471697807312,0.0040531270205974,AUTOINDEX,54,232,128,3151,50,64,5,684,5225,False,True,87003,6975468383,8918,5,0.0,0,0.37771,0.0034613595809787,316227,34613595,4,3462,34.613595809787
